"","Location","Score","address","city_sector","miles_to_city_center","guest_rating_score","guest_rating_verbal","num_of_hotel_com_reviews","trip_advisor_rating","hotel_id","star_rating","hotel_coordinates","num_of_rooms","num_of_floors","rest","bar_lounge","gym","meeting_room","ac","wifi","laundry","pool","parking","district_adr","avg_adr","isBrandGlobal","brandNameGlobal","isBrandUK","brandNameUK","isBrandLondon","brandNameLondon","walk_score","below_above_adr","avg_adr_div_dist_adr","restaurants","bars","cafe","college","casino","nightclub","pharmacy","theatre","university","antiques","art","bakery","tattoo","cinema","library","marketplace","railway_station","subway","hotels","volume","isBrand"
"1","3 Durlock House",NA,"Gosling way, Winnersh, London, England, SW9 6LS, United Kingdom, 866-573-4235","London",2.4,NA,NA,NA,NA,726854144,3,"51.47456,-0.11192",NA,NA,0,0,0,0,0,0,0,0,1,140.5582192,134,0,"Other",0,"Other",0,"Other",95,0,0.9533416173,10,1,9,0,0,0,3,0,0,0,0,0,0,0,24,0,0,0,0,"Normal",0
"2","Abercorn House",NA,"28-30 Bute Gardens, Hammersmith, London, England, W6 7DS, United Kingdom, 866-573-4235","Hammersmith",4.2,7.2,"Good",369,3,647029,2,"51.49431,-0.22229",125,NA,0,0,0,0,0,1,1,0,0,118.5217391,39,0,"Other",0,"Other",0,"Other",96,0,0.3290535583,55,3,43,17,0,0,15,11,0,0,1,0,0,0,13,0,2,1,36,"Normal",0
"3","Aparthotel Adagio London Brentford (Opening October 2018)",NA,"Great West Road, Brentford, England, TW8 0GA, United Kingdom, 866-573-4235","Brentford",7.7,9,"Superb",469,4.5,486094,4,"51.490613,-0.303654",100,NA,0,0,1,0,1,1,1,0,1,144.5714286,129.6666667,0,"Other",0,"Other",0,"Other",91,0,0.8969038208,2,0,0,0,0,0,0,0,0,0,0,0,0,0,0,0,1,0,0,"Normal",0
"4","Aubrey Park",NA,"Hemel Hempstead Road, Redbourn, St Albans, England, AL3 7AF, United Kingdom, 866-573-4235","St Albans",NA,7.8,"Good",353,3.5,139006,4,"51.786561,-0.412894",137,2,1,1,1,1,0,1,1,0,1,125.3043478,81,0,"Other",0,"Other",0,"Other",4,0,0.646426093,0,0,0,0,0,0,0,0,0,0,0,0,0,0,0,0,0,0,1,"Normal",0
"5","Beautiful Room in Victorian Family Home",NA,"Cranbrook Road, Ilford, England, IG1 4UT, United Kingdom, 866-573-4235","Ilford",9.3,10,"Exceptional",NA,NA,875963552,3.5,"51.56968,0.06467",NA,NA,0,0,0,0,0,0,0,0,1,53.96721311,79,0,"Other",0,"Other",0,"Other",NA,1,1.463851762,0,0,9,0,0,0,0,0,0,0,0,0,0,0,0,0,0,0,1,"Normal",0
"6","Best Western Gatwick Skylane Hotel",NA,"34 Bonehurst Road, Horley, England, RH6 8QF, United Kingdom, 866-573-4235","Horley",NA,7.2,"Good",422,3,205736,3,"51.186374,-0.163809",73,3,1,1,0,1,1,1,0,0,1,75.48,57.66666667,1,"Best Western",1,"Best Western",0,"Other",49,0,0.7639992934,1,0,0,0,0,0,0,0,0,0,0,0,0,0,0,0,0,0,31,"Normal",1
"7","Best Western White House Hotel",NA,"27-31 Upton Road, Watford, England, WD18 0JF, United Kingdom, 866-573-4235","Watford",NA,8.2,"Very Good",390,3.5,7340448,3,"51.65644,-0.40181",67,3,0,1,0,0,0,1,0,0,1,128.6818182,79.33333333,1,"Best Western",1,"Best Western",0,"Other",92,0,0.6165077122,4,2,5,0,0,1,7,6,0,0,0,0,0,0,0,0,0,0,0,"Normal",1
"8","Bourne court",NA,"Bourne Ave, Ruislip, England, HA4 6TZ, United Kingdom, 866-573-4235","Ruislip",NA,10,"Exceptional",NA,NA,1046312160,3,"51.554589,-0.398643",NA,NA,0,0,0,0,0,0,0,0,1,77.85714286,65,0,"Other",0,"Other",0,"Other",58,0,0.8348623853,0,0,0,0,0,0,0,0,0,0,0,0,0,0,1,0,1,0,0,"Normal",0
"9","Charlotte Guest House",NA,"195-197 Sumatra Road, West Hampstead, London, England, NW6 1PF, United Kingdom, 866-573-4235","West Hampstead",4,8.2,"Very Good",332,4,478824,2,"51.548857,-0.192323",44,2,0,0,0,0,0,0,0,0,0,85.25,85.25,1,"Lotte",0,"Other",0,"Other",96,1,1,14,0,24,0,0,0,1,0,0,0,0,0,0,0,8,1,3,0,0,"Normal",1
"10","Clayton Crown Hotel London",NA,"142-152 Cricklewood Broadway, London, England, NW2 3ED, United Kingdom, 866-573-4235","Cricklewood",5,8,"Very Good",515,4,215242,4,"51.556234,-0.214693",152,5,1,1,1,1,1,1,1,0,1,99.33333333,116,1,"Clayton",0,"Other",0,"Other",89,1,1.167785235,17,0,9,0,0,0,6,0,0,0,0,2,0,0,0,0,6,0,0,"Normal",1
"11","Clayton Crown Hotel London",NA,"142-152 Cricklewood Broadway, London, England, NW2 3ED, United Kingdom, 866-573-4235","Cricklewood",5,8,"Very Good",514,4,215242,4,"51.556234,-0.214693",152,5,1,1,1,1,1,1,1,0,1,99.33333333,116,1,"Clayton",0,"Other",0,"Other",89,1,1.167785235,17,0,9,0,0,0,6,0,0,0,0,2,0,0,0,0,6,0,0,"Normal",1
"12","Copthorne Hotel Slough Windsor",NA,"Cippenham Lane, Slough, England, SL1 2YE, United Kingdom, 866-573-4235","Slough",NA,7.4,"Good",398,3.5,150375,4,"51.509353,-0.613768",219,6,1,1,1,1,1,0,1,1,1,109.8235294,89,1,"Copthorne",0,"Other",0,"Other",78,0,0.8103910016,0,0,0,0,0,0,0,0,0,0,0,0,0,0,0,0,0,0,0,"Normal",1
"13","Copthorne Hotel Slough Windsor",NA,"Cippenham Lane, Slough, England, SL1 2YE, United Kingdom, 866-573-4235","Slough",NA,7.4,"Good",401,3.5,150375,4,"51.509353,-0.613768",219,6,1,1,1,1,1,0,1,1,1,109.8235294,89,1,"Copthorne",0,"Other",0,"Other",78,0,0.8103910016,0,0,0,0,0,0,0,0,0,0,0,0,0,0,0,0,0,0,0,"Normal",1
"14","Cranbrook Hotel",NA,"22-24 Coventry Road, Ilford, England, IG1 4QR, United Kingdom, 866-573-4235","Ilford",NA,6.2,"Good",339,2.5,265151,2.5,"51.563664,0.070636",60,3,0,0,0,1,0,1,0,0,1,53.96721311,37,0,"Other",0,"Other",0,"Other",89,0,0.6856014581,1,0,0,1,0,0,2,0,0,0,0,0,0,0,0,0,0,0,2,"Normal",0
"15","Crowne Plaza London - Docklands",NA,"Western Gateway, Royal Victoria Dock, London, England, E16 1AL, United Kingdom, 866-573-4235","Docklands",6.4,8.6,"Fabulous",360,4,213230,4,"51.508088,0.020194",210,5,1,1,0,1,1,1,1,1,1,211.3870968,121,0,"Other",0,"Other",1,"Crowne Plaza",82,0,0.5724095834,15,6,7,0,0,0,0,0,0,0,0,0,0,0,0,0,2,0,33,"Normal",1
"16","De Vere Selsdon Estate",NA,"126 Addington Road, South Croydon, England, CR2 8YA, United Kingdom, 866-573-4235","South Croydon",NA,7.4,"Good",412,3,220787,4,"51.342022,-0.064897",150,3,1,1,0,1,0,0,1,1,1,81,81,0,"Other",1,"De Vere",0,"Other",71,1,1,0,0,0,0,0,0,6,0,0,0,0,0,0,0,1,0,0,0,0,"Normal",1
"17","De Vere Selsdon Estate",NA,"126 Addington Road, South Croydon, England, CR2 8YA, United Kingdom, 866-573-4235","South Croydon",NA,7.4,"Good",411,3,220787,4,"51.342022,-0.064897",150,3,1,1,0,1,0,0,1,1,1,81,81,0,"Other",1,"De Vere",0,"Other",71,1,1,0,0,0,0,0,0,6,0,0,0,0,0,0,0,1,0,0,0,0,"Normal",1
"18","DoubleTree by Hilton Hotel Dartford Bridge",NA,"Masthead Close, Crossways Business Park, Dartford, England, DA2 6QF, United Kingdom, 866-573-4235","Dartford",NA,7.4,"Good",313,3.5,160659,4,"51.45349,0.24632",179,5,1,1,1,1,1,1,1,1,1,103.0666667,89,1,"Hilton",0,"Other",1,"hilton",42,0,0.8635187581,1,0,0,0,0,0,0,0,0,0,0,0,0,0,0,0,0,0,32,"Normal",1
"19","DoubleTree by Hilton Hotel Dartford Bridge",NA,"Masthead Close, Crossways Business Park, Dartford, England, DA2 6QF, United Kingdom, 866-573-4235","Dartford",NA,7.4,"Good",312,3.5,160659,4,"51.45349,0.24632",179,5,1,1,1,1,1,1,1,1,1,103.0666667,89,1,"Hilton",0,"Other",1,"hilton",42,0,0.8635187581,1,0,0,0,0,0,0,0,0,0,0,0,0,0,0,0,0,0,32,"Normal",1
"20","DoubleTree by Hilton London - Ealing Hotel",NA,"2-8 Hanger Lane, Ealing Common, London, England, W5 3HN, United Kingdom, 866-573-4235","London",7,8.4,"Very Good",289,4,130697,4,"51.512023,-0.290459",189,5,1,1,1,1,1,1,1,0,1,140.5582192,128,1,"Hilton",0,"Other",1,"hilton",88,0,0.9106546792,3,0,0,0,0,0,0,0,0,0,0,0,0,0,0,0,1,0,0,"Normal",1
"21","DoubleTree by Hilton London Kingston Upon Thames",NA,"1 Skerne Road, Surrey, Kingston Upon Thames, England, KT2 5FJ, United Kingdom, 866-573-4235","Kingston Upon Thames",NA,8.8,"Fabulous",298,4,617195,4,"51.413764,-0.305314",146,NA,1,1,1,1,1,1,1,0,0,102.5454545,114.3333333,1,"Hilton",0,"Other",1,"hilton",93,1,1.114952719,12,1,23,0,0,1,1,0,0,0,0,0,0,1,2,0,64,0,3,"Normal",1
"22","Down Hall Hotel",NA,"Matching Road, Hatfield Heath, Bishop's Stortford, England, CM22 7AS, United Kingdom, 866-573-4235","Bishop's Stortford",NA,8.8,"Fabulous",328,4,145159,4,"51.795845,0.207104",99,3,1,1,0,1,0,1,1,0,1,107,107,0,"Other",0,"Other",0,"Other",12,1,1,0,0,0,0,0,0,0,0,0,0,0,0,0,0,0,0,0,0,1,"Normal",0
"23","Dragons Lodge",NA,"55 Dragon Road, Hatfield, Hatfield, England, Al10 9ly, United Kingdom, 866-573-4235","Hatfield",NA,NA,NA,NA,NA,1177620864,NA,"51.7647,-0.248149",NA,NA,0,0,0,0,0,0,0,0,1,111.5,86,0,"Other",0,"Other",0,"Other",75,0,0.7713004484,1,0,3,0,0,0,0,0,0,0,0,0,0,0,0,0,0,0,0,"Normal",0
"24","Epping Forest Hotel",NA,"30 Oak Hill, Woodford Green, England, IG8 9NY, United Kingdom, 866-573-4235","Woodford Green",8.9,7,"Good",363,3,245980,3,"51.603081,0.010627",102,NA,1,1,0,1,0,0,1,0,1,100,95.5,0,"Other",0,"Other",0,"Other",46,0,0.955,0,0,0,0,0,0,0,0,0,0,0,0,0,0,0,0,0,0,1,"Normal",0
"25","Epping Forest Hotel",NA,"30 Oak Hill, Woodford Green, England, IG8 9NY, United Kingdom, 866-573-4235","Woodford Green",8.9,7,"Good",364,3,245980,3,"51.603081,0.010627",102,NA,1,1,0,1,0,0,1,0,1,100,95.5,0,"Other",0,"Other",0,"Other",46,0,0.955,0,0,0,0,0,0,0,0,0,0,0,0,0,0,0,0,0,0,1,"Normal",0
"26","Hampstead Britannia Hotel",2,"Primrose Hill Road, Hampstead, London, England, NW3 3NA, United Kingdom, 866-573-4235","Hampstead",3,5.6,"",414,2.5,128091,3,"51.544544,-0.162695",121,6,1,1,0,1,0,1,1,0,1,126.3225806,128.75,0,"Other",1,"Britannia",0,"Other",95,1,1.019216037,11,0,18,0,0,0,2,0,0,0,3,1,0,0,5,0,0,3,0,"Normal",1
"27","Heeton Concept Hotel-Luma Hammersmith",3,"28-36 Glenthorne Road, London, England, W6 0LS, United Kingdom, 866-573-4235","Hammersmith",4.4,8.4,"Very Good",401,4,680664,3,"51.49452,-0.228",89,NA,0,0,0,0,1,1,1,0,0,118.5217391,122.25,0,"Other",0,"Other",0,"Other",98,1,1.031456346,36,5,34,0,0,0,10,11,0,0,1,0,0,0,0,0,2,1,48,"Normal",0
"28","Hillspring Lodge",NA,"233 Willesden Lane, London, England, NW2 5RE, United Kingdom, 866-573-4235","Brent",4.8,8,"Very Good",327,4,341167,2,"51.546663,-0.218817",71,5,1,1,0,0,0,1,1,1,1,58.41176471,14.33333333,0,"Other",0,"Other",0,"Other",80,0,0.2453843572,0,0,0,0,0,0,0,0,0,0,0,0,0,0,0,0,1,0,0,"Normal",0
"29","Hilton London Croydon",NA,"101 Waddon Way, Croydon, England, CR9 4HH, United Kingdom, 866-573-4235","Croydon",10,7.2,"Good",375,3.5,182608,4,"51.358124,-0.114973",168,4,1,1,1,1,1,1,0,0,1,85.21052632,96.5,1,"Hilton",0,"Other",1,"hilton",68,1,1.132489191,0,1,2,0,0,0,0,0,0,0,0,0,0,0,0,0,0,0,45,"Normal",1
"30","Holiday Inn Express Hemel Hempstead",NA,"Stationers Place, Apsley Lock, Hemel Hempstead, England, HP3 9RH, United Kingdom, 866-573-4235","Hemel Hempstead",NA,8.6,"Fabulous",337,4,264289,3,"51.733211,-0.461814",116,5,1,1,0,1,1,1,1,0,1,106.4,78.33333333,0,"Other",0,"Other",1,"holiday inn",53,0,0.7362155388,2,0,2,0,0,0,0,0,0,0,0,0,0,0,0,0,1,0,0,"Normal",1
"31","Holiday Inn Express London - Dartford",NA,"University Way, Dartford, England, DA1 5PA, United Kingdom, 866-573-4235","Dartford",NA,8.4,"Very Good",352,4,151401,3,"51.454846,0.239805",126,4,1,1,0,1,1,1,1,0,1,103.0666667,64,0,"Other",0,"Other",1,"holiday inn",49,0,0.6209573092,1,0,0,0,0,0,0,0,0,0,0,0,0,0,0,0,0,0,32,"Normal",1
"32","Holiday Inn Express London - Dartford",NA,"University Way, Dartford, England, DA1 5PA, United Kingdom, 866-573-4235","Dartford",NA,8.4,"Very Good",353,4,151401,3,"51.454846,0.239805",126,4,1,1,0,1,1,1,1,0,1,103.0666667,64,0,"Other",0,"Other",1,"holiday inn",49,0,0.6209573092,1,0,0,0,0,0,0,0,0,0,0,0,0,0,0,0,0,0,32,"Normal",1
"33","Holiday Inn Express London Hammersmith",NA,"124 King Street, Hammersmith, London, England, W6 0QU, United Kingdom, 866-573-4235","Hammersmith",4.6,8.8,"Fabulous",476,4,196716,3,"51.492593,-0.231483",135,4,1,1,0,0,1,1,1,1,0,118.5217391,154.25,0,"Other",0,"Other",1,"holiday inn",98,1,1.30144901,20,3,4,0,0,0,10,15,0,0,0,0,0,0,0,0,2,0,18,"Normal",1
"34","Holiday Inn Express London Hammersmith",NA,"124 King Street, Hammersmith, London, England, W6 0QU, United Kingdom, 866-573-4235","Hammersmith",4.6,8.8,"Fabulous",475,4,196716,3,"51.492593,-0.231483",135,4,1,1,0,0,1,1,1,1,0,118.5217391,154.25,0,"Other",0,"Other",1,"holiday inn",98,1,1.30144901,20,3,4,0,0,0,10,15,0,0,0,0,0,0,0,0,2,0,18,"Normal",1
"35","Holiday Inn Express London Wandsworth",NA,"Smugglers Way, Wandsworth, London, England, SW18 1EG, United Kingdom, 866-573-4235","Hammersmith and Fulham",4.1,8.8,"Fabulous",374,4,274072,3,"51.462443,-0.189392",148,7,0,1,0,1,1,1,1,0,1,144.65625,117.25,0,"Other",0,"Other",1,"holiday inn",90,0,0.8105422337,48,7,9,0,0,0,0,0,0,0,7,1,0,0,0,0,1,7,0,"Normal",1
"36","Holiday Inn Express London-Watford Junction",NA,"19 Bridle Path, Watford, England, WD17 1UE, United Kingdom, 866-573-4235","Watford",NA,8.6,"Fabulous",427,4,279059,3,"51.664359,-0.397885",98,7,1,1,0,1,1,1,1,0,1,128.6818182,99.33333333,0,"Other",0,"Other",1,"holiday inn",81,0,0.7719298246,2,0,3,0,0,0,0,0,0,0,0,0,0,0,0,0,1,0,15,"Normal",1
"37","Holiday Inn Express London-Watford Junction",NA,"19 Bridle Path, Watford, England, WD17 1UE, United Kingdom, 866-573-4235","Watford",NA,8.6,"Fabulous",426,4,279059,3,"51.664359,-0.397885",98,7,1,1,0,1,1,1,1,0,1,128.6818182,99.33333333,0,"Other",0,"Other",1,"holiday inn",81,0,0.7719298246,2,0,3,0,0,0,0,0,0,0,0,0,0,0,0,0,1,0,15,"Normal",1
"38","Holiday Inn Express Slough",NA,"Mill Street, Slough, England, SL2 5DD, United Kingdom, 866-573-4235","Slough",NA,7.6,"Good",520,3.5,266456,3,"51.512719,-0.589917",142,8,1,1,0,1,1,1,1,0,1,109.8235294,82.33333333,0,"Other",0,"Other",1,"holiday inn",85,0,0.7496875558,2,0,7,0,0,0,2,0,0,0,0,0,0,0,1,0,26,0,5,"Normal",1
"39","Holiday Inn London - Heathrow T5",NA,"Old Bath Road, Colnbrook, Slough, England, SL3 0PH, United Kingdom, 866-573-4235","Slough",17,8.6,"Fabulous",327,4.5,235650,4,"51.479716,-0.513094",119,3,1,1,1,1,1,1,1,0,1,109.8235294,95,0,"Other",0,"Other",1,"holiday inn",56,0,0.8650241028,0,0,0,0,0,0,0,0,0,0,0,0,0,0,0,0,0,0,17,"Normal",1
"40","Holiday Inn London - Stratford City",NA,"10a Chestnut Plaza, Westfield Stratford, City, Montfichet Road, Olympic Park, London, England, E20 1GL, United Kingdom, 866-573-4235","Stratford",5.8,8.6,"Fabulous",315,4.5,398896,4,"51.54273,-0.006011",188,5,1,1,1,1,1,1,1,0,0,152.72,153.75,0,"Other",0,"Other",1,"holiday inn",92,1,1.006744369,53,10,52,22,0,0,19,20,0,0,0,16,0,2,0,0,3,0,30,"Normal",1
"41","Holiday Inn London - West",NA,"4 Portal Way, London, England, W3 6RT, United Kingdom, 866-573-4235","North Acton",5.9,8.4,"Very Good",370,4.5,220136,4,"51.521209,-0.262201",225,7,1,1,1,1,1,1,1,0,1,125.25,132.5,0,"Other",0,"Other",1,"holiday inn",81,1,1.057884232,1,0,2,0,0,0,1,0,0,0,0,0,0,0,0,0,7,0,18,"Normal",1
"42","Holiday Inn London - Whitechapel",NA,"5 Cavell Street, London, England, E1 2BP, United Kingdom, 866-573-4235","Whitechapel",3.1,8.8,"Fabulous",399,4.5,397480,4,"51.514528,-0.0573",133,7,1,1,1,1,1,1,1,0,0,178.4857143,203.75,0,"Other",0,"Other",1,"holiday inn",97,1,1.141547943,31,0,14,0,0,0,11,0,0,0,0,1,0,0,0,0,8,0,9,"Normal",1
"43","Holiday Inn London - Whitechapel",NA,"5 Cavell Street, London, England, E1 2BP, United Kingdom, 866-573-4235","Whitechapel",3.1,8.8,"Fabulous",397,4.5,397480,4,"51.514528,-0.0573",133,7,1,1,1,1,1,1,1,0,0,178.4857143,203.75,0,"Other",0,"Other",1,"holiday inn",97,1,1.141547943,31,0,14,0,0,0,11,0,0,0,0,1,0,0,0,0,8,0,9,"Normal",1
"44","Hotel 65",NA,"65 Shepherds Bush Road, Hammersmith, London, England, W6 7LS, United Kingdom, 866-573-4235","Hammersmith",4.1,7.2,"Good",345,3,479734,3,"51.499351,-0.222074",75,NA,0,0,0,0,0,1,0,0,0,118.5217391,71.5,0,"Other",0,"Other",0,"Other",98,0,0.6032648569,74,3,44,22,0,0,18,0,0,0,1,1,0,1,0,1,1,1,73,"Normal",0
"45","Hotel Xanadu",2,"26-42 Bond Street, Ealing, London, England, W5 5AA, United Kingdom, 866-573-4235","London",7.7,8.8,"Fabulous",413,4.5,415943,4,"51.511828,-0.305796",46,5,0,1,1,1,1,1,1,0,0,140.5582192,101.25,0,"Other",0,"Other",0,"Other",97,0,0.7203420803,54,2,31,0,0,1,3,1,0,0,0,2,0,0,1,0,1,0,0,"Normal",0
"46","Hotel Xanadu",2,"26-42 Bond Street, Ealing, London, England, W5 5AA, United Kingdom, 866-573-4235","London",7.7,8.8,"Fabulous",414,4.5,415943,4,"51.511828,-0.305796",46,5,0,1,1,1,1,1,1,0,0,140.5582192,101.25,0,"Other",0,"Other",0,"Other",97,0,0.7203420803,54,2,31,0,0,1,3,1,0,0,0,2,0,0,1,0,1,0,0,"Normal",0
"47","Imperial Guest House",NA,"28 Bulstrode Road, Hounslow, England, TW3 3AP, United Kingdom, 866-573-4235","Hounslow",11,8.4,"Very Good",309,4,629685888,3.5,"51.46963,-0.36972",25,3,0,0,0,0,0,1,0,0,1,102.2264151,73.5,0,"Other",0,"Other",0,"Other",95,0,0.7189922481,0,0,0,0,0,0,0,0,0,0,0,0,0,0,1,0,1,0,0,"Normal",0
"48","London Marriott Hotel Twickenham",NA,"Twickenham Rugby Stadium,198 Whitton Rd, Twickenham, England, TW2 7BA, United Kingdom, 866-573-4235","Richmond-upon-Thames",9.8,8.8,"Fabulous",309,4,313923,4,"51.455106,-0.339483",156,3,1,1,1,1,1,1,1,1,1,132.2,167,1,"NH",0,"Other",0,"Other",82,1,1.263237519,0,0,0,11,0,0,0,0,0,0,0,0,0,0,0,0,0,0,1,"Normal",1
"49","Lucky 8 Hotel",NA,"21 -25 York Road, Ilford, England, IG1 3AD, United Kingdom, 866-573-4235","Ilford",NA,7.6,"Good",474,4,555319,3,"51.559553,0.068393",38,2,0,0,0,1,0,1,0,0,1,53.96721311,50,0,"Other",0,"Other",0,"Other",94,0,0.9264884569,1,0,0,1,0,0,3,8,0,0,0,0,0,0,2,0,1,0,1,"Normal",0
"50","Maitrise Hotel Maida Vale",2,"Kilburn High Road,53-59, London, England, NW6 5SB, United Kingdom, 866-573-4235","Maida Vale",3.4,7,"Good",464,3.5,325230,4,"51.536661,-0.191882",107,4,1,1,1,1,1,1,0,0,1,152.6666667,76.75,0,"Other",0,"Other",0,"Other",98,0,0.5027292576,74,1,46,1,0,0,21,0,0,0,0,17,0,0,0,14,24,0,0,"Normal",0
"51","Maitrise Hotel Maida Vale",2,"Kilburn High Road,53-59, London, England, NW6 5SB, United Kingdom, 866-573-4235","Maida Vale",3.4,7,"Good",465,3.5,325230,4,"51.536661,-0.191882",107,4,1,1,1,1,1,1,0,0,1,152.6666667,76.75,0,"Other",0,"Other",0,"Other",98,0,0.5027292576,74,1,46,1,0,0,21,0,0,0,0,17,0,0,0,14,24,0,0,"Normal",0
"52","Mercure London Heathrow Hotel",NA,"Shepiston Lane, Hayes, England, UB3 1LP, United Kingdom, 866-573-4235","Hayes",13,7,"Good",491,3.5,137878,4,"51.494669,-0.43068",184,2,1,1,1,1,1,1,1,0,1,68.36842105,75.25,0,"Other",0,"Other",1,"Mercure",47,1,1.100654349,0,0,0,0,0,0,0,0,0,0,0,0,0,0,0,0,0,0,0,"Normal",1
"53","Palmers Lodge Swiss Cottage - Hostel",3,"40 College Crescent, Swiss Cottage, London, England, NW3 5LB, United Kingdom, 866-573-4235","Hampstead",3.3,8.4,"Very Good",433,4,336155,2,"51.545516,-0.175599",34,5,1,1,0,0,0,1,1,1,1,126.3225806,25,0,"Other",0,"Other",0,"Other",94,0,0.1979060266,36,1,11,1,0,0,1,0,21,0,0,0,0,19,0,1,14,0,49,"Normal",0
"54","Palmers Lodge Swiss Cottage - Hostel",3,"40 College Crescent, Swiss Cottage, London, England, NW3 5LB, United Kingdom, 866-573-4235","Hampstead",3.3,8.4,"Very Good",434,4,336155,2,"51.545516,-0.175599",34,5,1,1,0,0,0,1,1,1,1,126.3225806,25,0,"Other",0,"Other",0,"Other",94,0,0.1979060266,36,1,11,1,0,0,1,0,21,0,0,0,0,19,0,1,14,0,49,"Normal",0
"55","Palmers Lodge Swiss Cottage - Hostel",3,"40 College Crescent, Swiss Cottage, London, England, NW3 5LB, United Kingdom, 866-573-4235","Hampstead",3.3,8.4,"Very Good",446,4,336155,2,"51.545516,-0.175599",34,5,1,1,0,0,0,1,1,1,1,24.25,24.25,0,"Other",0,"Other",0,"Other",94,1,1,36,1,11,1,0,0,1,0,21,0,0,0,0,19,0,1,14,0,49,"Normal",0
"56","Park Grand London Heathrow",NA,"449 Great West Road, Hounslow, England, TW5 0BU, United Kingdom, 866-573-4235","Heston",11,8.2,"Very Good",401,4.5,406359,4,"51.478792,-0.366453",124,5,1,1,1,1,1,1,1,0,1,85.5,96,0,"Other",0,"Other",0,"Other",82,1,1.122807018,0,0,0,0,0,0,0,0,0,0,0,0,0,0,0,0,0,0,19,"Normal",0
"57","Park Grand London Heathrow",NA,"449 Great West Road, Hounslow, England, TW5 0BU, United Kingdom, 866-573-4235","Heston",11,8.2,"Very Good",399,4.5,406359,4,"51.478792,-0.366453",124,5,1,1,1,1,1,1,1,0,1,85.5,96,0,"Other",0,"Other",0,"Other",82,1,1.122807018,0,0,0,0,0,0,0,0,0,0,0,0,0,0,0,0,0,0,19,"Normal",0
"58","Park Plaza London Park Royal",2,"628 Western Avenue, London, England, W3 0TA, United Kingdom, 866-573-4235","London",6.8,8.8,"Fabulous",455,4,591720,4,"51.527067,-0.283248",212,6,1,1,0,0,1,1,1,0,1,140.5582192,116,0,"Other",0,"Other",1,"Park Plaza",77,0,0.8252808031,0,0,0,0,0,0,0,0,0,0,0,0,0,0,0,0,1,0,0,"Normal",1
"59","Ramada by Wyndham Hounslow - Heathrow East",NA,"8-10 Lampton Road, Hounslow, England, TW3 1JL, United Kingdom, 866-573-4235","Hounslow",11,7.6,"Good",454,3.5,268129,3,"51.469481,-0.367021",96,4,1,1,0,1,1,1,1,0,1,102.2264151,73.75,1,"Wyndham",1,"Ramada",0,"Other",96,0,0.7214377999,0,0,0,0,0,0,0,0,0,0,0,0,0,0,1,0,1,0,0,"Normal",1
"60","Ramada by Wyndham London North M1",NA,"M1 Between Jct 2-4, Gateway Services, London, England, NW7 3HU, United Kingdom, 866-573-4235","London",NA,7.4,"Good",388,4,205709,4,"51.629878,-0.263358",195,4,1,1,1,1,1,1,0,0,1,140.5582192,67.33333333,1,"Wyndham",1,"Ramada",0,"Other",28,0,0.4790423052,0,0,1,0,0,0,1,0,0,0,0,1,1,0,0,0,0,0,0,"Normal",1
"61","Ramada by Wyndham London South Ruislip",NA,"Long Drive Station Approach, South Ruislip, Ruislip, England, HA4 0HG, United Kingdom, 866-573-4235","Ruislip",NA,7.6,"Good",337,3.5,249147,3,"51.557126,-0.397698",78,3,1,1,0,1,1,1,1,0,1,77.85714286,78.33333333,1,"Wyndham",1,"Ramada",0,"Other",67,1,1.006116208,0,0,0,0,0,0,0,0,0,0,0,0,0,0,1,0,1,0,0,"Normal",1
"62","Richmond Hill Hotel",NA,"144-150 Richmond Hill, Richmond, England, TW10 6RW, United Kingdom, 866-573-4235","Richmond-upon-Thames",8.3,8.2,"Very Good",308,4,217274,4,"51.451635,-0.297802",142,4,1,1,0,1,1,1,1,0,1,132.2,156.25,0,"Other",0,"Other",0,"Other",68,1,1.181921331,6,0,5,0,0,0,0,0,0,0,0,0,0,0,0,0,0,0,0,"Normal",0
"63","Riverside Apartment",NA,"Apt. 35, Warwick Building, 366 Queenstown Road, London, England, SW8  4NJ, United Kingdom, 866-573-4235","Battersea",3,NA,NA,NA,NA,827584928,3.5,"51.46713,-0.15062",NA,NA,0,0,0,0,0,0,0,0,1,172.3181818,203,0,"Other",0,"Other",0,"Other",95,1,1.178053284,23,2,5,0,0,0,3,0,0,0,1,0,1,0,0,0,0,1,0,"Normal",0
"64","Safestay London Kensington Holland Park",NA,"Holland Walk, Kensington, London, England, W8 7QU, United Kingdom, 866-573-4235","Royal Borough of Kensington and Chelsea",3.2,7.8,"Good",475,4,557618,4,"51.502251,-0.201466",30,NA,1,0,0,0,0,1,1,1,0,166.8181818,13.25,0,"Other",0,"Other",0,"Other",95,0,0.07942779292,47,0,18,0,0,0,9,1,0,1,0,1,0,0,0,0,0,0,0,"Normal",0
"65","Seraphine Hammersmith Hotel Sure Hotel Collection by Best Western",3,"84 King Street, Hammersmith, London, England, W6 0QW, United Kingdom, 866-573-4235","Hammersmith",4.5,7.4,"Good",463,3.5,382310,4,"51.492576,-0.230044",62,3,0,1,0,1,1,1,1,0,0,141.75,141.75,1,"Best Western",1,"Best Western",0,"Other",98,1,1,36,4,15,0,0,0,10,15,0,0,0,0,0,0,0,0,3,0,12,"Normal",1
"66","Shopping Centre and Cinema Atmosphere",NA,"37 Elsham Road, Flat F, London, England, W14 8HB, United Kingdom, 866-573-4235","West Kensington",3.7,NA,NA,NA,NA,1122784928,4,"51.501948,-0.213774",NA,NA,0,0,0,0,0,0,0,0,1,120.7631579,125,0,"Other",0,"Other",0,"Other",96,1,1.035083896,57,0,37,0,0,0,13,0,0,0,0,0,0,1,0,0,6,0,42,"Normal",0
"67","St George Hotel Wembley",NA,"43-51 Wembley Hill Road, Wembley, England, HA9 8AU, United Kingdom, 866-573-4235","Wembley Park",7.6,8.8,"Fabulous",433,4.5,516103,4,"51.555392,-0.286295",52,5,1,1,0,1,1,1,1,0,1,101.2692308,91.25,0,"Other",0,"Other",0,"Other",91,0,0.9010634258,71,0,23,0,0,0,0,0,0,0,0,1,0,1,6,0,0,0,29,"Normal",0
"68","St George Hotel Wembley",NA,"43-51 Wembley Hill Road, Wembley, England, HA9 8AU, United Kingdom, 866-573-4235","Wembley Park",7.6,8.8,"Fabulous",432,4.5,516103,4,"51.555392,-0.286295",52,5,1,1,0,1,1,1,1,0,1,101.2692308,91.25,0,"Other",0,"Other",0,"Other",91,0,0.9010634258,71,0,23,0,0,0,0,0,0,0,0,1,0,1,6,0,0,0,29,"Normal",0
"69","Thatcher's Hotel",NA,"Guildford Road, East Horsley, Leatherhead, England, KT24 6TB, United Kingdom, 866-573-4235","Leatherhead",NA,7.4,"Good",349,3.5,211575,3,"51.26189,-0.43123",87,3,1,1,0,1,0,1,0,0,1,158.4285714,54.66666667,0,"Other",0,"Other",0,"Other",30,0,0.3450556057,1,0,1,0,0,0,0,0,0,0,0,0,0,0,0,0,0,0,82,"Normal",0
"70","The Bromley Court Hotel",NA,"Bromley Hill, Bromley, England, BR1 4JD, United Kingdom, 866-573-4235","Bromley",NA,8.2,"Very Good",330,4,492164,3,"51.41711,0.00215",117,4,1,1,1,1,1,1,1,0,1,96.2,93.66666667,0,"Other",0,"Other",0,"Other",58,0,0.9736659737,1,0,0,0,0,0,0,0,0,0,0,0,0,0,0,0,0,0,19,"Normal",0
"71","The Continental Hotel Heathrow",NA,"29-31 Lampton Road, Hounslow, England, TW3 1JA, United Kingdom, 866-573-4235","Hounslow",11,7.4,"Good",351,3,251271,4,"51.469633,-0.366707",70,4,1,1,1,0,1,1,1,1,1,102.2264151,70.75,0,"Other",0,"Other",0,"Other",97,0,0.6920911776,0,0,0,0,0,0,0,0,0,0,0,0,0,0,1,0,1,0,0,"Normal",0
"72","The East London Hotel",4,"309-317 Cambridge Heath Road, Bethnal Green, London, England, E2 9LH, United Kingdom, 866-573-4235","Bethnal Green",3.4,8.6,"Fabulous",313,4.5,876918080,3.5,"51.528668,-0.055586",161,8,1,1,1,0,1,1,1,0,0,88,88,0,"Other",0,"Other",0,"Other",99,1,1,43,7,31,1,0,0,4,0,0,0,0,1,0,1,27,0,72,0,0,"Normal",0
"73","The Hunter Apartment",NA,"Flat 6 Bishops GateWilliam Hunter Way, Brentwood, England, CM14 4EP, United Kingdom, 866-573-4235","Brentwood",NA,8,"Very Good",NA,NA,892019200,4,"51.62033,0.29953",NA,NA,0,0,0,0,0,0,0,0,1,84.57142857,111,0,"Other",0,"Other",0,"Other",92,1,1.3125,20,3,9,0,0,2,1,13,0,0,0,3,2,0,0,0,0,0,0,"Normal",0
"74","The Lanyard Building",NA,"5 Skerne Road, Kingston Upon Thames, England, KT2 5FP, United Kingdom, 866-573-4235","Kingston Upon Thames",NA,NA,NA,NA,NA,1147486944,4,"51.4146,-0.305709",NA,NA,0,0,0,0,0,0,0,0,1,102.5454545,122,0,"Other",0,"Other",0,"Other",93,1,1.189716312,10,0,21,0,0,1,0,0,0,0,0,0,0,1,0,0,64,0,2,"Normal",0
"75","The Westbridge Hotel",3,"335-337 High Street, London, England, E15 2TF, United Kingdom, 866-573-4235","Stratford",5.8,9,"Superb",385,4.5,495079,4,"51.53752,-0.00249",80,6,1,0,1,1,1,1,1,0,0,152.72,171,0,"Other",0,"Other",0,"Other",89,1,1.119696176,7,0,37,29,0,0,3,0,0,0,0,3,0,0,0,0,2,0,33,"Normal",0
"76","Theobalds Estate",NA,"Theobalds Park, Lieutenant Ellis Way, Waltham Cross, England, EN7 5HW, United Kingdom, 866-573-4235","Waltham Cross",NA,7.8,"Good",298,3.5,249480,4,"51.69194,-0.05305",141,NA,1,1,1,1,0,1,1,0,1,55,81,0,"Other",0,"Other",0,"Other",25,1,1.472727273,0,0,0,0,0,0,0,0,0,0,0,0,0,0,0,0,0,0,0,"Normal",0
"77","Travelodge London Balham",NA,"177 Balham High Road, Balham, London, England, SW12 9BX, United Kingdom, 866-573-4235","London",NA,NA,NA,NA,4,165994368,NA,"51.442638,-0.153602",NA,NA,0,0,0,0,0,0,0,0,1,140.5582192,99.5,1,"Travelodge",1,"Travelodge",0,"Other",93,0,0.7078917233,30,9,22,0,0,1,4,0,0,0,0,1,0,0,0,0,2,0,1,"Normal",1
"78","Travelodge London Kingston Upon Thames",NA,"21/23 Old London Road, Kingston Upon Thames, England, KT2 6ND, United Kingdom, 866-573-4235","Kingston Upon Thames",NA,NA,NA,NA,3.5,30269760,NA,"51.41085,-0.30017",72,NA,0,0,0,0,0,0,0,0,1,102.5454545,69.5,1,"Travelodge",1,"Travelodge",0,"Other",99,0,0.677748227,9,0,21,0,0,1,1,1,0,0,0,1,0,1,2,0,63,0,2,"Normal",1
"79","Village Hotel London Watford",NA,"Centennial Avenue, Centennial Park, Elstree, Borehamwood, England, WD6 3SB, United Kingdom, 866-573-4235","Borehamwood",NA,8.4,"Very Good",461,4,270331,3.5,"51.640451,-0.311172",123,4,1,1,1,1,1,1,0,1,1,74.44444444,110,0,"Other",1,"Village Hotel",0,"Other",49,1,1.47761194,1,0,1,0,0,0,0,0,0,0,0,0,0,0,0,0,0,0,0,"Normal",1
"80","easyHotel London Croydon",NA,"22 Addiscombe Road, Croydon, England, CR0 5PE, United Kingdom, 866-573-4235","Croydon",9.3,5.8,"",388,3,711429824,2.5,"51.374838,-0.090327",103,4,0,0,0,0,1,1,0,0,0,85.21052632,63.5,0,"Other",1,"EasyHote",0,"Other",94,0,0.7452130945,4,3,13,25,0,0,5,0,0,1,1,1,0,0,0,0,1,1,101,"Normal",1
"81","ibis London Elstree Borehamwood",NA,"Elstree Way, Borehamwood, England, WD6 1JY, United Kingdom, 866-573-4235","Borehamwood",NA,7.8,"Good",412,4,262709,3,"51.659742,-0.266395",122,5,1,1,0,1,0,1,1,0,1,74.44444444,55.5,0,"Other",0,"Other",0,"Other",77,0,0.7455223881,0,0,0,0,0,0,0,0,0,0,0,0,0,0,0,0,0,0,0,"Normal",0
"82","ibis London Thurrock M25",NA,"Weston Avenue, West Thurrock, Grays, England, RM20 3JQ, United Kingdom, 866-573-4235","Grays",NA,7.8,"Good",310,3.5,183508,2,"51.476721,0.26773",168,5,1,1,0,0,1,1,1,0,1,83.25,69.5,0,"Other",0,"Other",0,"Other",NA,0,0.8348348348,0,0,0,0,0,0,0,0,0,0,0,0,0,0,0,0,0,0,0,"Normal",0
"83","ibis Styles London Ealing (Now Open)",NA,"32-38 Uxbridge Road, Ealing, London, England, W52BS, United Kingdom, 866-573-4235","London",7.9,8.8,"Fabulous",364,4,597878,3.5,"51.5122,-0.311543",120,NA,1,1,0,1,1,1,1,0,1,140.5582192,101.75,0,"Other",0,"Other",0,"Other",91,0,0.7238993251,37,1,18,0,0,0,1,1,0,0,0,2,0,0,0,0,0,0,0,"Normal",0
"84","196 Bishopsgate",2,"196 Bishopsgate, London, England, EC2M 4NR, United Kingdom, 866-573-4235","The City of London",2.2,8.4,"Very Good",470,4,212071,4,"51.51806,-0.079938",47,NA,0,0,0,1,0,1,1,0,0,271.9489796,208,0,"Other",0,"Other",0,"Other",100,0,0.764849349,348,78,234,1,0,0,19,1,16,0,9,11,0,0,7,13,3,9,94,"Very High",0
"85","Arbor City Hotel",NA,"12-20 Osborn Street, City Hotel Apartments/12, London, England, E1 6TE, United Kingdom, 866-573-4235","Whitechapel",2.6,8.6,"Fabulous",418,4.5,203661,4,"51.516441,-0.069935",115,6,1,1,0,1,1,1,1,0,1,178.4857143,140,0,"Other",0,"Other",0,"Other",100,0,0.7843765007,437,33,176,25,0,1,15,0,0,0,0,29,0,1,7,13,2,0,135,"Very High",0
"86","Astor Court Hotel",2,"20 Hallam Street, London, England, W1W 6JQ, United Kingdom, 866-573-4235","Marylebone",1.1,7.4,"Good",337,3.5,121279,3,"51.519699,-0.14327",40,7,0,0,0,1,0,1,1,0,0,207.55,177,0,"Other",0,"Other",0,"Other",100,0,0.8528065526,434,41,217,6,0,11,48,0,83,0,27,22,0,1,1,0,2,27,270,"Very High",0
"87","Batty Langley's",NA,"12 Folgate Street, Spitalfields, London, England, E1 6BX, United Kingdom, 866-573-4235","Spitalfields",2.3,9.6,"Exceptional",249,5,576491,4,"51.521005,-0.077975",29,5,0,1,0,1,1,1,1,0,0,192.4583333,271.25,0,"Other",0,"Other",0,"Other",100,1,1.409395973,574,127,359,17,0,20,16,1,29,0,15,33,0,4,0,28,27,15,74,"Very High",0
"88","Batty Langley's",NA,"12 Folgate Street, Spitalfields, London, England, E1 6BX, United Kingdom, 866-573-4235","Spitalfields",2.3,9.6,"Exceptional",250,5,576491,4,"51.521005,-0.077975",29,5,0,1,0,1,1,1,1,0,0,192.4583333,271.25,0,"Other",0,"Other",0,"Other",100,1,1.409395973,574,127,359,17,0,20,16,1,29,0,15,33,0,4,0,28,27,15,74,"Very High",0
"89","Citadines Barbican London",1,"7-21 Goswell Road, London, England, EC1M 7AH, United Kingdom, 866-573-4235","Barbican",1.6,8.6,"Fabulous",443,4.5,119468,4,"51.522117,-0.097486",129,7,0,0,1,0,1,1,1,0,1,199.75,201.5,0,"Other",0,"Other",0,"Other",99,1,1.008760951,332,65,215,13,0,7,2,2,92,0,9,0,0,2,20,11,1,9,56,"Very High",0
"90","Clayton Hotel City of London",3,"10 New Drum Street, London, England, E1 7AT, United Kingdom, 866-573-4235","Whitechapel",2.5,9.2,"Superb",244,4.5,975587904,NA,"51.514922,-0.071518",212,NA,1,1,1,0,1,1,0,0,0,178.4857143,189.75,1,"Clayton",0,"Other",0,"Other",99,1,1.063110293,376,61,217,25,0,1,0,0,29,0,0,22,0,1,7,0,4,0,226,"Very High",1
"91","Clayton Hotel City of London",3,"10 New Drum Street, London, England, E1 7AT, United Kingdom, 866-573-4235","Whitechapel",2.5,9.2,"Superb",246,4.5,975587904,NA,"51.514922,-0.071518",212,NA,1,1,1,0,1,1,0,0,0,178.4857143,189.75,1,"Clayton",0,"Other",0,"Other",99,1,1.063110293,376,61,217,25,0,1,0,0,29,0,0,22,0,1,7,0,4,0,226,"Very High",1
"92","Courthouse Hotel Shoreditch",1,"335-337 Old Street, London, England, EC1V 9LL, United Kingdom, 866-573-4235","Shoreditch",2.5,8.8,"Fabulous",394,4,581337,4.5,"51.527261,-0.079608",128,NA,1,1,1,1,1,1,1,1,1,219.1034483,302,0,"Other",0,"Other",0,"Other",98,1,1.37834435,297,170,220,50,0,65,1,14,0,0,6,0,0,3,20,8,26,6,62,"Very High",0
"93","Devonshire Club by Mantis",1,"4 & 5 Devonshire Square, London, England, EC2M 4YD, United Kingdom, 866-573-4235","The City of London",2.2,9.4,"Exceptional",385,4.5,494162496,5,"51.51627,-0.07899",68,4,1,1,1,1,1,1,1,0,0,271.9489796,307.25,0,"Other",0,"Other",0,"Other",100,1,1.129807512,412,82,241,10,0,1,36,1,30,0,5,16,0,0,7,49,3,5,122,"Very High",0
"94","Donatello Flat Moorgate Liverpool Street",NA,"Flat 3, 6A City Road, London, England, E15 4NW, United Kingdom, 866-573-4235","Islington",2,NA,NA,NA,NA,1180891808,3.5,"51.522154,-0.087103",NA,NA,0,0,0,0,0,0,0,0,1,184.8214286,116.5,0,"Other",0,"Other",0,"Other",99,0,0.6303381643,203,92,204,21,0,22,26,3,72,0,0,0,0,3,1,12,4,0,83,"High",0
"95","Liverpool Street House",NA,"33 Wentworth Street, Tower Hamlets, London, England, E1 7TD, United Kingdom, 866-573-4235","Spitalfields",2.4,NA,NA,NA,1,1078528480,3,"51.51681,-0.07518",NA,NA,0,0,0,0,0,0,0,0,1,192.4583333,216.6666667,0,"Other",0,"Other",0,"Other",100,1,1.125784802,533,84,256,0,0,1,17,0,30,0,9,29,0,1,7,18,4,9,124,"Very High",0
"96","Millenium Apartments",NA,"30 Rivington Street, London, England, EC2A 3DZ, United Kingdom, 866-573-4235","Shoreditch",2.3,6.8,"Good",419,NA,779098080,3.5,"51.52596,-0.08199",20,NA,0,0,0,0,1,1,0,0,0,219.1034483,117,0,"Other",0,"Other",0,"Other",100,0,0.5339943343,295,174,245,51,0,65,1,6,0,0,1,0,0,1,2,8,26,1,84,"Very High",0
"97","Millenium Apartments",NA,"30 Rivington Street, London, England, EC2A 3DZ, United Kingdom, 866-573-4235","Shoreditch",2.3,6.8,"Good",421,NA,779098080,3.5,"51.52596,-0.08199",20,NA,0,0,0,0,1,1,0,0,0,219.1034483,117,0,"Other",0,"Other",0,"Other",100,0,0.5339943343,295,174,245,51,0,65,1,6,0,0,1,0,0,1,2,8,26,1,84,"Very High",0
"98","Native Monument",1,"14 Lovat Lane, London, England, EC3R 8DT, United Kingdom, 866-573-4235","The City of London",1.9,8.8,"Fabulous",358,4.5,459963,4,"51.510458,-0.083971",41,6,0,0,0,0,1,1,1,0,0,271.9489796,252,0,"Other",0,"Other",0,"Other",99,0,0.9266444036,159,75,157,0,0,0,27,0,1,0,0,6,0,0,0,59,6,0,140,"High",0
"99","Nobu Hotel Shoreditch",2,"10-50 Willow Street, London, England, EC2A 4BH, United Kingdom, 866-573-4235","London",2.3,9.2,"Superb",379,4,678838,5,"51.525253,-0.083253",150,NA,1,1,1,1,1,1,1,0,0,140.5582192,269.25,0,"Other",0,"Other",0,"Other",100,1,1.915576347,283,177,219,51,0,64,2,6,0,0,1,0,0,1,1,8,26,1,85,"Very High",0
"100","Park Lane City Apartments",1,"92 Middlesex Street, Aldgate, London, England, E1 7EZ, United Kingdom, 866-573-4235","Spitalfields",2.3,8,"Very Good",231,3.5,563526,4,"51.517071,-0.077173",30,NA,0,0,1,1,0,1,0,0,0,192.4583333,158.3333333,0,"Other",0,"Other",0,"Other",100,0,0.8226888937,529,95,261,0,0,1,27,0,30,0,9,30,0,0,7,53,4,9,125,"Very High",0
"101","The Bryson Hotel",2,"124-132 Clerkenwell Road, London, England, EC1R 5DJ, United Kingdom, 866-573-4235","Farringdon",1.3,7.8,"Good",272,3.5,577212,4,"51.522059,-0.108688",42,NA,0,0,0,0,1,1,1,0,0,231.1875,161.75,0,"Other",0,"Other",0,"Other",100,0,0.6996485537,357,65,297,0,0,7,20,2,0,0,2,0,0,0,25,31,2,2,40,"Very High",0
"102","The Chamberlain Hotel",1,"130-135 Minories, London, England, EC3N 1NU, United Kingdom, 866-573-4235","The City of London",2.3,9,"Superb",407,4.5,215174,4,"51.512201,-0.075515",64,5,1,1,1,1,1,1,1,0,0,271.9489796,176,0,"Other",0,"Other",0,"Other",98,0,0.6471802184,164,64,169,0,0,1,12,0,1,0,0,0,0,1,7,0,5,0,193,"High",0
"103","The Curtain",4,"45 Curtain Road, London, England, EC2A 3PT, United Kingdom, 866-573-4235","London",2.3,9.2,"Superb",333,4.5,686053,5,"51.52336,-0.08096",120,NA,1,1,1,1,1,1,1,1,1,140.5582192,474.25,0,"Other",0,"Other",0,"Other",96,1,3.374046731,348,183,284,21,0,60,0,6,0,0,1,8,0,2,1,9,26,1,74,"Very High",0
"104","The Curtain",4,"45 Curtain Road, London, England, EC2A 3PT, United Kingdom, 866-573-4235","Hackney",2.3,9.2,"Superb",341,4.5,686053,5,"51.52336,-0.08096",120,NA,1,1,1,1,1,1,1,1,1,265.5,265.5,0,"Other",0,"Other",0,"Other",96,1,1,348,183,284,21,0,60,0,6,0,0,1,8,0,2,1,9,26,1,75,"Very High",0
"105","The Hoxton Shoreditch",1,"81 Great Eastern Street, London, England, EC2A 3HU, United Kingdom, 866-573-4235","Shoreditch",2.3,9,"Superb",284,4.5,49793152,4,"51.52557,-0.08289",210,NA,1,1,0,1,0,0,1,0,0,219.1034483,330.3333333,0,"Other",0,"Other",0,"Other",100,1,1.507659217,290,177,240,51,0,65,1,6,0,0,1,0,0,1,1,8,26,1,84,"Very High",0
"106","The Ned",1,"27 Poultry, London, England, EC2R 8AJ, United Kingdom, 866-573-4235","The City of London",1.7,9,"Superb",265,4.5,800718432,5,"51.51387,-0.08976",250,NA,1,0,0,1,1,1,1,0,0,271.9489796,465.75,0,"Other",0,"Other",0,"Other",100,1,1.712637424,318,106,261,1,0,1,59,0,1,0,0,14,0,0,1,35,7,0,110,"Very High",0
"107","The Rookery Hotel",1,"12 Peter's Lane Cowcross St, London, England, EC1M 6DS, United Kingdom, 866-573-4235","Farringdon",1.4,9.4,"Exceptional",202,4.5,173898,4,"51.520109,-0.10247",33,3,0,1,0,1,1,0,1,0,0,231.1875,277.75,0,"Other",0,"Other",0,"Other",99,1,1.201405785,364,72,333,12,0,6,6,2,130,0,0,0,0,0,22,0,2,0,60,"Very High",0
"108","The Zetter Hotel",3,"86-88 Clerkenwell Road, London, England, EC1M 5RJ, United Kingdom, 866-573-4235","Farringdon",1.5,9,"Superb",86,4.5,394485,4,"51.522606,-0.103559",59,5,1,1,0,1,1,1,1,0,1,231.1875,295.75,0,"Other",0,"Other",0,"Other",99,1,1.279264666,448,78,336,13,0,7,13,2,88,0,0,0,0,0,28,31,2,0,60,"Very High",0
"109","16 Austin Avenue",NA,"Austin Ave, Bromley, England, BR2 8AJ, United Kingdom, 866-573-4235","Bromley",NA,NA,NA,NA,NA,1210157568,4,"51.389129,0.045819",NA,NA,0,0,0,0,0,0,0,0,1,96.2,100,0,"Other",0,"Other",0,"Other",NA,1,1.03950104,0,0,0,0,0,0,0,0,0,0,0,0,0,0,1,0,0,0,0,"Normal",0
"110","2 Double Bed Spacious Flat",NA,"5 West St, Carshalton, England, SM5 2PT, United Kingdom, 866-573-4235","Carshalton",NA,NA,NA,NA,NA,1243718880,3,"51.365835,-0.167162",NA,NA,0,0,0,0,0,0,0,0,1,116,122,0,"Other",0,"Other",0,"Other",84,1,1.051724138,1,0,6,0,0,0,1,0,0,0,0,0,0,0,0,0,1,0,0,"Normal",0
"111","Accommodation London Bridge",2,"58 Great Dover Street, London, England, SE1 4YF, United Kingdom, 866-573-4235","Bermondsey",1.8,8.4,"Very Good",243,4,514180,2.5,"51.497632,-0.089779",44,3,0,0,0,0,0,1,0,0,0,200.9423077,156.25,0,"Other",0,"Other",0,"Other",96,0,0.7775863719,25,5,29,0,0,0,2,0,0,0,1,1,0,0,41,0,1,1,3,"Normal",0
"112","Attractive Atria Apartments",NA,"Flat 97, 219 Bath Road, Slough, England, SL1 4BE, United Kingdom, 866-573-4235","Slough",NA,10,"Exceptional",NA,NA,1145125056,4,"51.52269,-0.62943",NA,NA,0,0,0,0,0,0,0,0,1,109.8235294,81,0,"Other",0,"Other",0,"Other",70,0,0.7375468666,1,0,2,0,0,0,1,0,0,0,0,1,0,0,0,0,0,0,1,"Normal",0
"113","Best Western Palm Hotel",NA,"64-76 Hendon Way, London, England, NW2 2NL, United Kingdom, 866-573-4235","Cricklewood",5.1,7.8,"Good",265,3.5,268428,4,"51.563657,-0.204811",101,3,0,1,1,1,1,1,1,0,1,99.33333333,99.5,1,"Best Western",1,"Best Western",0,"Other",78,1,1.001677852,0,0,3,0,0,0,1,0,0,1,0,0,0,0,0,0,0,0,0,"Normal",1
"114","Best Western Palm Hotel",NA,"64-76 Hendon Way, London, England, NW2 2NL, United Kingdom, 866-573-4235","Cricklewood",5.1,7.6,"Good",267,3.5,268428,4,"51.563657,-0.204811",101,3,0,1,1,1,1,1,1,0,1,99.33333333,99.5,1,"Best Western",1,"Best Western",0,"Other",81,1,1.001677852,0,0,3,0,0,0,1,0,0,1,0,0,0,0,0,0,0,0,0,"Normal",1
"115","Best Western Plus Grim's Dyke Hotel",NA,"Old Reading, Harrow, England, HA3 6SH, United Kingdom, 866-573-4235","Harrow",NA,8.6,"Fabulous",255,4,17552672,4,"51.623039,-0.3503",46,3,1,1,0,1,1,1,1,0,1,63.28571429,73,1,"Best Western",1,"Best Western",0,"Other",NA,1,1.153498871,0,0,0,0,0,0,0,0,0,0,0,0,0,0,0,0,0,0,0,"Normal",1
"116","Best Western Plus Vauxhall Hotel",NA,"152 Old South Lambeth Road, London, England, SW8 1XX, United Kingdom, 866-573-4235","Vauxhall",1.9,8.4,"Very Good",200,4,678597,3.5,"51.4801,-0.1241",28,NA,0,1,0,0,1,1,1,0,0,221.5,173.2857143,1,"Best Western",1,"Best Western",0,"Other",92,0,0.7823282812,9,1,14,0,0,11,1,0,0,0,0,0,0,0,1,0,0,0,0,"Normal",1
"117","Best Western Swiss Cottage Hotel",2,"4 Adamson Road, Swiss Cottage, London, England, NW3 3HP, United Kingdom, 866-573-4235","Hampstead",3.2,8.2,"Very Good",274,3.5,15768416,3,"51.544603,-0.172754",59,5,0,1,0,1,0,1,0,0,1,126.3225806,133.4285714,1,"Best Western",1,"Best Western",0,"Other",94,1,1.056252736,4,1,3,1,0,0,1,0,21,0,0,0,0,0,0,1,13,0,33,"Normal",1
"118","Best Western Welwyn Garden City Homestead Court Hotel",NA,"Homestead Lane, Welwyn Garden City, England, AL7 4LX, United Kingdom, 866-573-4235","Welwyn Garden City",NA,7.8,"Good",226,4,1491776,3,"51.79018,-0.189914",81,4,0,1,1,1,0,1,1,0,1,95.33333333,95.33333333,1,"Best Western",1,"Best Western",0,"Other",74,1,1,2,0,0,0,0,0,1,0,0,0,0,1,0,0,0,0,0,0,0,"Normal",1
"119","Bexleyheath Marriott Hotel",NA,"1 Broadway, Bexleyheath, England, DA6 7JZ, United Kingdom, 866-573-4235","Bexleyheath",NA,8.2,"Very Good",320,4,132953,4,"51.455275,0.152376",142,5,1,1,1,1,1,1,1,1,1,112.6666667,112.6666667,1,"Marriott",0,"Other",0,"Other",79,1,1,0,0,2,0,0,0,0,0,0,0,0,0,0,0,0,0,0,0,0,"Normal",1
"120","Britannia Inn Hotel",NA,"54 Mansfield Road, Ilford, England, IG1 3BD, United Kingdom, 866-573-4235","Ilford",9.2,7,"Good",283,3.5,371432,3,"51.564088,0.065355",36,3,0,0,0,0,0,1,0,0,1,53.96721311,42.5,0,"Other",1,"Britannia",0,"Other",86,0,0.7875151883,1,0,0,1,0,0,1,0,0,0,0,0,0,0,0,0,0,0,1,"Normal",1
"121","Britannia Inn Hotel",NA,"54 Mansfield Road, Ilford, England, IG1 3BD, United Kingdom, 866-573-4235","Ilford",9.2,7,"Good",284,3.5,371432,3,"51.564088,0.065355",36,3,0,0,0,0,0,1,0,0,1,53.96721311,42.5,0,"Other",1,"Britannia",0,"Other",86,0,0.7875151883,1,0,0,1,0,0,1,0,0,0,0,0,0,0,0,0,0,0,1,"Normal",1
"122","Brook Kingston Lodge Hotel",NA,"94 Kingston Hill, Kingston Upon Thames, England, KT2 7NP, United Kingdom, 866-573-4235","Kingston Upon Thames",NA,7.8,"Good",208,4,223612,4,"51.419,-0.279057",67,3,1,1,0,1,0,1,1,0,1,102.5454545,87.33333333,0,"Other",0,"Other",0,"Other",67,0,0.8516548463,0,0,0,0,0,0,0,0,0,0,0,0,0,0,0,0,0,0,0,"Normal",0
"123","Brook Kingston Lodge Hotel",NA,"94 Kingston Hill, Kingston Upon Thames, England, KT2 7NP, United Kingdom, 866-573-4235","Kingston Upon Thames",NA,7.8,"Good",209,4,223612,4,"51.419,-0.279057",67,3,1,1,0,1,0,1,1,0,1,102.5454545,87.33333333,0,"Other",0,"Other",0,"Other",67,0,0.8516548463,0,0,0,0,0,0,0,0,0,0,0,0,0,0,0,0,0,0,0,"Normal",0
"124","Brooklands Hotel",NA,"Brooklands Drive, Weybridge, England, KT13 0SL, United Kingdom, 866-573-4235","Weybridge",NA,8.8,"Fabulous",239,4.5,342272,4,"51.353957,-0.470087",128,4,1,1,1,1,1,1,1,0,1,128,184,0,"Other",0,"Other",0,"Other",40,1,1.4375,1,0,5,0,0,0,0,0,0,0,0,0,0,0,0,0,0,0,0,"Normal",0
"125","Canary Heights",NA,"213 Barking Road, London, England, E16 4HH, United Kingdom, 866-573-4235","Newham",6.2,6.6,"Good",214,3,537409,3,"51.51922,0.015792",55,NA,0,0,0,0,0,1,0,0,1,154.7333333,40,0,"Other",0,"Other",0,"Other",89,0,0.2585092632,8,2,3,0,0,0,3,0,0,0,0,2,0,0,1,9,0,0,0,"Normal",0
"126","Castle Hotel Windsor - MGallery",NA,"18 High Street, Windsor, England, SL4 1LJ, United Kingdom, 866-573-4235","Windsor",NA,8.8,"Fabulous",292,4,138739,4,"51.482021,-0.607126",108,3,1,1,1,1,1,1,1,0,1,184,128.5,0,"Other",0,"Other",0,"Other",94,0,0.6983695652,79,5,37,0,0,0,1,9,0,1,0,0,0,0,1,0,14,0,7,"Normal",0
"127","Central Hotel",NA,"16-18 Argyle St, London, England, WC1H 8EG, United Kingdom, 866-573-4235","Kings Cross St. Pancras",1.5,7.4,"Good",327,3.5,325733,2,"51.575604,-0.197247",28,4,0,0,0,0,0,0,0,1,1,152.3333333,100.7777778,0,"Other",0,"Other",0,"Other",93,0,0.6615609044,12,0,4,0,0,0,2,0,0,0,0,2,0,0,0,0,1,0,0,"Normal",0
"128","Central Hotel",NA,"16-18 Argyle St, London, England, WC1H 8EG, United Kingdom, 866-573-4235","Kings Cross St. Pancras",1.5,7.4,"Good",328,3.5,325733,2,"51.575604,-0.197247",28,4,0,0,0,0,0,0,0,1,1,152.3333333,100.7777778,0,"Other",0,"Other",0,"Other",93,0,0.6615609044,12,0,4,0,0,0,2,0,0,0,0,2,0,0,0,0,1,0,0,"Normal",0
"129","Chelsea Bridge Apartments",NA,"124 Prince of Wales Drive, London, England, SW8 4BJ, United Kingdom, 866-573-4235","Battersea",2.2,8.2,"Very Good",201,4,369147,4,"51.477913,-0.145835",21,6,0,0,0,0,1,1,1,0,1,172.3181818,194.25,0,"Other",0,"Other",0,"Other",87,1,1.127275125,8,0,19,0,0,0,0,0,0,0,0,0,0,0,0,0,2,0,0,"Normal",0
"130","Cheshunt Marriott Hotel",NA,"Halfhide Lane, Turnford, Broxbourne, England, EN10 6NG, United Kingdom, 866-573-4235","Broxbourne",NA,8.2,"Very Good",254,3.5,141256,4,"51.72051,-0.032",143,3,1,1,1,1,1,1,1,0,1,151,151,1,"Marriott",0,"Other",0,"Other",66,1,1,1,0,0,0,0,0,0,0,0,0,0,0,0,0,0,0,0,0,0,"Normal",1
"131","Corner House Hotel",NA,"201 Camden Road, London, England, NW1 9AA, United Kingdom, 866-573-4235","Kentish Town",2.8,7.2,"Good",262,3,475381,3,"51.548352,-0.129701",30,NA,0,0,0,0,0,1,0,0,1,73.42857143,75.5,0,"Other",0,"Other",0,"Other",95,1,1.028210117,7,0,0,0,0,0,1,0,0,0,0,0,0,0,0,0,0,0,1,"Normal",0
"132","Coulsdon Manor Hotel and Golf Club",NA,"Coulsdon Court Road, Old Coulsdon, Coulsdon, England, CR5 2LL, United Kingdom, 866-573-4235","Coulsdon",NA,7.8,"Good",189,3.5,238588,4,"51.317316,-0.123694",42,3,1,1,0,1,0,1,1,0,1,76.5,76.5,0,"Other",0,"Other",0,"Other",13,1,1,0,0,0,0,0,0,0,0,0,0,0,0,0,0,0,0,0,0,0,"Normal",0
"133","Crowne Plaza Gerrards Cross",NA,"Oxford Road, Beaconsfield, England, HP9 2XE, United Kingdom, 866-573-4235","Beaconsfield",NA,9,"Superb",299,4.5,545429,4,"51.595377,-0.596146",138,5,1,1,1,1,1,1,1,1,1,141.4,103.6666667,0,"Other",0,"Other",1,"Crowne Plaza",NA,0,0.733144743,0,0,0,0,0,0,0,0,0,0,0,0,0,0,0,0,0,0,1,"Normal",1
"134","Crowne Plaza London Ealing",NA,"Western Avenue Hanger Lane, London, England, W5 1HG, United Kingdom, 866-573-4235","London",7.3,8.4,"Very Good",245,4,180653,4,"51.529737,-0.293666",139,5,1,1,1,1,1,1,1,0,1,140.5582192,121.25,0,"Other",0,"Other",1,"Crowne Plaza",76,0,0.8626318739,0,0,0,0,0,0,0,0,0,0,0,0,0,0,0,0,1,0,0,"Normal",1
"135","Crowne Plaza London Ealing",NA,"Western Avenue Hanger Lane, London, England, W5 1HG, United Kingdom, 866-573-4235","London",7.3,8.4,"Very Good",247,4,180653,4,"51.529737,-0.293666",139,5,1,1,1,1,1,1,1,0,1,140.5582192,121.25,0,"Other",0,"Other",1,"Crowne Plaza",76,0,0.8626318739,0,0,0,0,0,0,0,0,0,0,0,0,0,0,0,0,1,0,0,"Normal",1
"136","De Vere Devonport House",NA,"King William Walk, Greenwich, London, England, SE10 9JW, United Kingdom, 866-573-4235","London",5.5,8.4,"Very Good",354,4,218570,4,"51.48102,-0.00803",99,4,0,1,0,1,0,1,1,0,1,140.5582192,125.75,0,"Other",1,"De Vere",0,"Other",95,0,0.8946470775,124,1,78,25,0,0,6,1,1,0,2,0,0,0,7,5,1,2,0,"Normal",1
"137","De Vere Horsley Estate",NA,"Ockham Road South, East Horsley, Surrey, Leatherhead, England, KT24 6DT, United Kingdom, 866-573-4235","Leatherhead",NA,7.4,"Good",226,3.5,253524,4,"51.264563,-0.430415",180,2,1,1,1,1,0,1,1,1,1,158.4285714,93.5,0,"Other",1,"De Vere",0,"Other",32,0,0.5901713255,1,0,1,0,0,0,0,0,0,0,0,0,0,0,0,0,0,0,82,"Normal",1
"138","De Vere Latimer Estate",NA,"Latimer, Chesham, England, HP5 1UG, United Kingdom, 866-573-4235","Chesham",NA,7.4,"Good",134,3.5,270517,3,"51.68129,-0.554145",197,NA,1,1,1,1,0,1,0,1,1,106.5,106.5,0,"Other",1,"De Vere",0,"Other",12,1,1,0,0,0,0,0,0,0,0,0,0,0,0,0,0,0,0,0,0,1,"Normal",1
"139","Denham Grove",NA,"Tilehouse Lane, Denham, Uxbridge, England, UB9 5DG, United Kingdom, 866-573-4235","Uxbridge",NA,7.8,"Good",210,4,253510,4,"51.597602,-0.511606",96,NA,1,1,1,1,0,1,1,1,1,110.25,88.5,1,"NH",0,"Other",0,"Other",7,0,0.8027210884,0,0,0,0,0,0,0,0,0,0,0,0,0,0,0,0,0,0,1,"Normal",1
"140","Docklands Lodge London",NA,"244 Poplar High Street, London, England, E14 0BB, United Kingdom, 866-573-4235","Canary Wharf",5,7.4,"Good",219,3.5,701469,3.5,"51.50868,-0.01075",35,NA,0,1,0,0,0,1,0,0,1,229.3050847,92,0,"Other",0,"Other",0,"Other",92,0,0.4012122108,7,0,9,22,0,0,3,0,0,0,0,1,0,0,9,0,13,0,39,"Normal",0
"141","Donnington Manor Hotel",NA,"London Road, Dunton Green, Sevenoaks, England, TN13 2TD, United Kingdom, 866-573-4235","Sevenoaks",NA,8.2,"Very Good",207,4,28706528,4,"51.302489,0.160323",63,3,1,1,1,1,1,1,0,0,1,69.375,58.33333333,0,"Other",0,"Other",0,"Other",35,0,0.8408408408,0,0,0,0,0,0,0,0,0,0,0,0,0,0,0,0,0,0,1,"Normal",0
"142","Doubletree by Hilton Hotel Woking",NA,"Victoria Way, Woking, England, GU21 8EW, United Kingdom, 866-573-4235","Woking",NA,7.8,"Good",215,4,196189,4,"51.32227,-0.555763",170,7,1,1,1,1,1,1,0,0,1,118.1666667,149,1,"Hilton",0,"Other",1,"hilton",95,1,1.260930889,97,5,33,0,0,2,1,2,0,0,0,1,0,0,1,0,1,0,13,"Normal",1
"143","Eurotraveller Hotel Premier Tower Bridge",NA,"194 - 202 Old Kent Road, London, England, SE1 5TY, United Kingdom, 866-573-4235","Bermondsey",2.4,7.4,"Good",282,3.5,260409,3,"51.490318,-0.080599",53,NA,1,1,0,1,1,1,0,0,0,200.9423077,87,0,"Other",0,"Other",0,"Other",95,0,0.4329600919,3,0,3,0,0,0,2,0,0,1,0,1,0,0,0,0,0,0,6,"Normal",0
"144","Eurotraveller Hotel Premier Tower Bridge",NA,"194 - 202 Old Kent Road, London, England, SE1 5TY, United Kingdom, 866-573-4235","Bermondsey",2.4,7.4,"Good",281,3.5,260409,3,"51.490318,-0.080599",53,NA,1,1,0,1,1,1,0,0,0,200.9423077,87,0,"Other",0,"Other",0,"Other",95,0,0.4329600919,3,0,3,0,0,0,2,0,0,1,0,1,0,0,0,0,0,0,6,"Normal",0
"145","Fanhams Hall",NA,"Fanhams Hall Road, Ware, England, SG12 7PZ, United Kingdom, 866-573-4235","Ware",NA,8.8,"Fabulous",213,4,41861248,4,"51.82034,-0.01701",77,2,1,1,1,1,0,1,1,0,1,99.57142857,106.6666667,1,"NH",0,"Other",0,"Other",NA,1,1.071257771,0,0,0,0,0,0,0,0,0,0,0,0,0,0,0,0,0,0,1,"Normal",1
"146","Flat1 Camden Road",NA,"252 Camden Road, London, England, NW1 9HE, United Kingdom, 866-573-4235","Camden Town",2.8,NA,NA,NA,NA,866087104,3.5,"51.5474,-0.13072",NA,NA,0,0,0,0,0,0,0,0,1,152.0384615,90,0,"Other",0,"Other",0,"Other",95,0,0.5919554769,9,0,2,0,0,0,1,0,0,0,0,0,0,0,0,0,0,0,1,"Normal",0
"147","Grand Plaza Serviced Apartments",NA,"42 Princes Square, Bayswater, London, England, W2 4AD, United Kingdom, 866-573-4235","Paddington",2.7,7.8,"Good",314,3.5,211540,4,"51.513347,-0.190862",198,6,1,0,0,0,0,1,1,0,1,146.2151899,137.75,0,"Other",0,"Other",0,"Other",97,0,0.9421045797,144,13,83,0,1,1,21,1,0,22,4,10,0,0,0,0,3,4,63,"High",0
"148","Hallmark Hotel Croydon Aerodrome",NA,"680 Purley Way, Croydon, England, CR9 4LT, United Kingdom, 866-573-4235","Croydon",10,7.4,"Good",282,3.5,204587,4,"51.357063,-0.116661",110,4,1,1,0,1,0,1,1,0,1,85.21052632,91.25,0,"Other",0,"Other",0,"Other",67,1,1.070877085,0,5,2,0,0,0,0,0,0,0,0,0,0,0,0,0,0,0,45,"Normal",0
"149","Harefield Manor Hotel",NA,"33 Main Road, Romford, England, RM1 3DL, United Kingdom, 866-573-4235","Romford",NA,7.6,"Good",224,3.5,34672448,3,"51.582836,0.188676",68,3,0,1,0,1,0,1,0,0,1,95,71,0,"Other",0,"Other",0,"Other",76,0,0.7473684211,1,0,9,0,0,0,1,0,0,0,0,1,0,2,0,17,0,0,0,"Normal",0
"150","Heathrow Lodge",NA,"556 Old Bath Road, Longford, West Drayton, England, UB7 0EF, United Kingdom, 866-573-4235","West Drayton",16,5.6,"",244,2,450412,2,"51.479869,-0.491579",45,2,0,0,0,0,0,0,0,0,1,101.2641509,33,0,"Other",0,"Other",0,"Other",31,0,0.3258803801,0,0,0,0,0,0,0,0,0,0,0,0,0,0,0,0,0,0,59,"Normal",0
"151","Heathrow Lodge",NA,"556 Old Bath Road, Longford, West Drayton, England, UB7 0EF, United Kingdom, 866-573-4235","West Drayton",16,5.6,"",243,2,450412,2,"51.479869,-0.491579",45,2,0,0,0,0,0,0,0,0,1,101.2641509,33,0,"Other",0,"Other",0,"Other",33,0,0.3258803801,0,0,0,0,0,0,0,0,0,0,0,0,0,0,0,0,0,0,59,"Normal",0
"152","Highlife Lexington Apartments",NA,"RAILWAY TERRACE, Slough, England, SL2 5FQ, United Kingdom, 866-573-4235","Slough",NA,NA,NA,NA,NA,1014179936,4,"51.5125,-0.59058",NA,NA,0,0,0,0,0,0,0,0,1,109.8235294,192,0,"Other",0,"Other",0,"Other",86,1,1.748259239,2,0,7,0,0,0,2,0,0,0,0,0,0,0,1,0,26,0,5,"Normal",0
"153","Hilton Cobham",NA,"Seven Hills Road South, Cobham, England, KT11 1EW, United Kingdom, 866-573-4235","Cobham",NA,7.4,"Good",224,3.5,236652,4,"51.333896,-0.438183",158,3,1,1,0,1,1,1,1,1,1,117.3333333,128,1,"Hilton",0,"Other",1,"hilton",29,1,1.090909091,0,0,0,0,0,0,0,0,0,0,0,0,0,0,0,0,0,0,0,"Normal",1
"154","Hilton London Hyde Park",1,"129 Bayswater Road, Hyde Park, London, England, W2 4RJ, United Kingdom, 866-573-4235","Paddington",2.6,8.4,"Very Good",281,4,192224,4,"51.510226,-0.187564",136,7,1,1,0,1,1,1,1,0,0,146.2151899,268.3333333,1,"Hilton",0,"Other",1,"hilton",97,1,1.835194644,71,2,33,0,1,1,2,0,0,1,0,1,0,0,0,0,2,0,111,"Normal",1
"155","Hilton London Syon Park",NA,"Park Road, Brentford, England, TW8 8JF, United Kingdom, 866-573-4235","Brentford",8.3,8.8,"Fabulous",160,4,362394,4,"51.479362,-0.315471",137,3,1,1,1,1,1,1,1,1,1,144.5714286,176.6666667,1,"Hilton",0,"Other",1,"hilton",75,1,1.222002635,2,0,11,0,0,0,0,0,0,0,0,0,0,0,0,0,0,0,48,"Normal",1
"156","Hilton London Syon Park",NA,"Park Road, Brentford, England, TW8 8JF, United Kingdom, 866-573-4235","Brentford",8.3,8.6,"Fabulous",161,4,362394,4,"51.479362,-0.315471",137,3,1,1,1,1,1,1,1,1,1,144.5714286,176.6666667,1,"Hilton",0,"Other",1,"hilton",75,1,1.222002635,2,0,11,0,0,0,0,0,0,0,0,0,0,0,0,0,0,0,48,"Normal",1
"157","Holiday Inn Brentford Lock",NA,"Commerce Road, Brentford, England, TW8 8GA, United Kingdom, 866-573-4235","Brentford",8.1,8.8,"Fabulous",178,4,264330,4,"51.482569,-0.312719",133,5,1,1,1,1,1,1,1,0,1,144.5714286,129.25,0,"Other",0,"Other",1,"holiday inn",84,0,0.8940217391,2,0,11,0,0,0,0,0,0,0,0,0,0,0,0,0,0,0,48,"Normal",1
"158","Holiday Inn Brentford Lock",NA,"Commerce Road, Brentford, England, TW8 8GA, United Kingdom, 866-573-4235","Brentford",8.1,8.8,"Fabulous",179,4,264330,4,"51.482569,-0.312719",133,5,1,1,1,1,1,1,1,0,1,144.5714286,129.25,0,"Other",0,"Other",1,"holiday inn",84,0,0.8940217391,2,0,11,0,0,0,0,0,0,0,0,0,0,0,0,0,0,0,48,"Normal",1
"159","Holiday Inn Express Harlow",NA,"Crown Gate, Harlow, England, CM20 1NB, United Kingdom, 866-573-4235","Harlow",NA,8.2,"Very Good",233,3.5,417780,3,"51.769148,0.09694",122,4,1,1,1,1,1,1,0,0,1,63.9,64,0,"Other",0,"Other",1,"holiday inn",90,1,1.001564945,7,1,8,0,0,0,3,0,0,0,0,2,0,1,0,1,0,0,1,"Normal",1
"160","Holiday Inn Express London - Ealing",NA,"67-75 The Broadway, Ealing, London, England, W13 9BP, United Kingdom, 866-573-4235","West Ealing",8.5,9.2,"Superb",284,4.5,396100512,3,"51.510067,-0.324786",80,5,0,0,0,1,1,1,1,0,1,99,96.5,0,"Other",0,"Other",1,"holiday inn",95,0,0.9747474747,7,0,6,0,0,0,3,0,0,0,0,3,0,0,1,1,0,0,6,"Normal",1
"161","Holiday Inn Express London - Golders Green (A406)",NA,"58 Regents Park Road, London, England, N3 3JN, United Kingdom, 866-573-4235","London",NA,8,"Very Good",262,3.5,264709,3,"51.590677,-0.199753",83,4,1,1,0,1,1,1,0,0,1,140.5582192,88,0,"Other",0,"Other",1,"holiday inn",85,0,0.626075092,1,0,1,0,0,0,0,0,0,0,0,0,0,0,0,0,0,0,0,"Normal",1
"162","Holiday Inn Express London - Newbury Park",NA,"713 Eastern Avenue, Ilford, England, IG2 7RH, United Kingdom, 866-573-4235","Ilford",NA,8,"Very Good",159,4,266514,3,"51.574087,0.086044",126,6,1,1,0,1,1,1,1,0,1,53.96721311,89.66666667,0,"Other",0,"Other",1,"holiday inn",74,1,1.661502633,4,0,0,0,0,0,1,0,0,0,0,0,0,0,0,0,1,0,0,"Normal",1
"163","Holiday Inn Express London - Park Royal",NA,"Victoria Road North Acton, London, England, W3 6UP, United Kingdom, 866-573-4235","North Acton",5.8,8.6,"Fabulous",311,4,215422,3,"51.522963,-0.259856",108,4,1,1,0,1,1,1,1,0,1,125.25,118,0,"Other",0,"Other",1,"holiday inn",85,0,0.9421157685,1,0,2,0,0,0,0,0,0,0,0,0,0,0,0,0,1,0,18,"Normal",1
"164","Holiday Inn Express London - Park Royal",NA,"Victoria Road North Acton, London, England, W3 6UP, United Kingdom, 866-573-4235","North Acton",5.8,8.6,"Fabulous",312,4,215422,3,"51.522963,-0.259856",108,4,1,1,0,1,1,1,1,0,1,125.25,118,0,"Other",0,"Other",1,"holiday inn",85,0,0.9421157685,1,0,2,0,0,0,0,0,0,0,0,0,0,0,0,0,1,0,18,"Normal",1
"165","Holiday Inn Express London - Swiss Cottage",NA,"152-156 Finchley Road, London, England, NW3 5HS, United Kingdom, 866-573-4235","Hampstead",3.6,8.2,"Very Good",300,4,264250,3,"51.548431,-0.180861",79,6,0,1,0,1,1,1,0,0,1,126.3225806,195.5,0,"Other",0,"Other",1,"holiday inn",96,1,1.547625128,19,0,9,0,0,0,1,0,21,0,0,0,0,1,0,1,14,0,0,"Normal",1
"166","Holiday Inn Express London - Vauxhall Nine Elms",NA,"87 South Lambeth Road, Vauxhall, London, England, SW8 1RN, United Kingdom, 866-573-4235","Vauxhall",1.9,8.4,"Very Good",307,4,169009,3.5,"51.480452,-0.124452",132,5,0,0,0,1,1,1,0,0,1,221.5,193.75,0,"Other",0,"Other",1,"holiday inn",92,0,0.874717833,11,1,14,0,0,11,1,0,0,0,0,0,0,0,1,0,0,0,0,"Normal",1
"167","Holiday Inn Express London - Vauxhall Nine Elms",NA,"87 South Lambeth Road, Vauxhall, London, England, SW8 1RN, United Kingdom, 866-573-4235","Vauxhall",1.9,8.4,"Very Good",309,4,169009,3.5,"51.480452,-0.124452",132,5,0,0,0,1,1,1,0,0,1,221.5,193.75,0,"Other",0,"Other",1,"holiday inn",92,0,0.874717833,11,1,14,0,0,11,1,0,0,0,0,0,0,0,1,0,0,0,0,"Normal",1
"168","Holiday Inn Express London - Wimbledon South",NA,"200 High Street, Colliers Wood, London, England, SW192BH, United Kingdom, 866-573-4235","Collier's Wood",6.6,7.8,"Good",189,3.5,153012,3,"51.417451,-0.178964",156,3,1,1,0,1,1,1,1,0,1,85,85,0,"Other",0,"Other",1,"holiday inn",94,1,1,24,0,4,0,0,0,3,0,0,0,0,0,0,0,1,0,1,0,2,"Normal",1
"169","Holiday Inn Express London Chingford",NA,"5 Walthamstow Avenue, Chingford, London, England, E4 8ST, United Kingdom, 866-573-4235","London",NA,8.6,"Fabulous",222,4,211323,3,"51.602792,-0.018716",102,4,0,1,0,1,1,1,1,0,1,140.5582192,81,0,"Other",0,"Other",1,"holiday inn",53,0,0.5762736642,5,0,16,0,0,0,0,0,0,0,0,0,0,0,0,0,0,0,9,"Normal",1
"170","Holiday Inn Express London-Epsom Downs",NA,"Langley Vale Road, Epsom, England, KT18 5LG, United Kingdom, 866-573-4235","Epsom",NA,9,"Superb",175,4,274685,3.5,"51.31261,-0.25883",120,3,0,1,0,1,1,1,0,0,1,94.5,94.5,0,"Other",0,"Other",1,"holiday inn",13,1,1,0,0,0,0,0,0,0,0,0,0,0,0,0,0,0,0,0,0,1,"Normal",1
"171","Holiday Inn Express Windsor",NA,"71 Alma Road, Windsor, England, SL4 3HD, United Kingdom, 866-573-4235","Windsor",NA,8.8,"Fabulous",234,4,413361,3,"51.477236,-0.616724",58,5,0,1,0,1,1,1,1,0,1,184,94,0,"Other",0,"Other",1,"holiday inn",91,0,0.5108695652,9,0,7,0,0,0,0,0,0,1,0,0,0,0,0,0,0,0,2,"Normal",1
"172","Holiday Inn Express Windsor",NA,"71 Alma Road, Windsor, England, SL4 3HD, United Kingdom, 866-573-4235","Windsor",NA,8.8,"Fabulous",233,4,413361,3,"51.477236,-0.616724",58,5,0,1,0,1,1,1,1,0,1,184,94,0,"Other",0,"Other",1,"holiday inn",91,0,0.5108695652,9,0,7,0,0,0,0,0,0,1,0,0,0,0,0,0,0,0,2,"Normal",1
"173","Holiday Inn London - Kingston South",NA,"Portsmouth Road, Kingston Tower, Surbiton, England, KT6 5QQ, United Kingdom, 866-573-4235","Surbiton",NA,8.4,"Very Good",168,4,309100,4,"51.39136,-0.320881",121,4,1,1,1,1,1,1,1,0,1,102.4,94.5,0,"Other",0,"Other",1,"holiday inn",73,0,0.9228515625,1,0,0,0,0,0,0,0,0,0,0,0,0,0,0,0,0,0,0,"Normal",1
"174","Holiday Inn London - Shepperton",NA,"Felix Lane, Shepperton, England, TW17 8NP, United Kingdom, 866-573-4235","Shepperton",NA,7.6,"Good",149,3.5,181318,4,"51.39141,-0.42504",185,3,1,1,1,1,1,1,1,1,1,89.25,110,0,"Other",0,"Other",1,"holiday inn",28,1,1.232492997,0,0,1,0,0,0,0,0,0,0,0,0,0,0,0,0,0,0,0,"Normal",1
"175","Holiday Inn London - Sutton",NA,"Gibson Road, Sutton, England, SM1 2RF, United Kingdom, 866-573-4235","Sutton",NA,8.2,"Very Good",170,4,175481,4,"51.362159,-0.196275",119,5,1,1,1,1,1,1,1,1,1,101.6666667,101.6666667,0,"Other",0,"Other",1,"holiday inn",97,1,1,17,7,16,0,0,0,4,0,0,0,0,2,0,1,0,0,1,0,1,"Normal",1
"176","Holiday Inn London - Watford Junction",NA,"65-67 Clarendon Road, Watford, England, WD17 1DP, United Kingdom, 866-573-4235","Watford",NA,8.8,"Fabulous",191,4.5,477738,4,"51.662692,-0.397021",93,5,1,1,1,1,1,1,1,0,1,128.6818182,98,0,"Other",0,"Other",1,"holiday inn",85,0,0.7615683504,2,1,4,0,0,1,0,1,0,0,0,0,0,0,0,0,1,0,38,"Normal",1
"177","Holiday Inn London Brent Cross",NA,"Tilling Road Brent Cross, London, England, NW2 1LP, United Kingdom, 866-573-4235","Cricklewood",NA,7.8,"Good",248,4,169976,4,"51.572662,-0.223892",154,10,1,1,1,1,1,1,1,0,1,99.33333333,91.33333333,0,"Other",0,"Other",1,"holiday inn",86,0,0.9194630872,4,0,1,0,0,0,1,0,0,0,0,0,0,0,0,0,0,0,0,"Normal",1
"178","Holiday Inn Slough - Windsor",NA,"1 Church Street, Chalvey, Slough, England, SL1 2NH, United Kingdom, 866-573-4235","Slough",NA,8.6,"Fabulous",240,3.5,138067,4,"51.508028,-0.610777",150,8,1,1,1,1,1,1,1,0,1,109.8235294,82,0,"Other",0,"Other",1,"holiday inn",69,0,0.7466523835,0,0,0,0,0,0,0,0,0,0,0,0,0,0,0,0,0,0,0,"Normal",1
"179","Hotel Campanile Dartford",NA,"1 Clipper Boulevard West, Crossways Business Park, Dartford, England, DA2 6QN, United Kingdom, 866-573-4235","Dartford",NA,7.2,"Good",265,3,225395,2,"51.45769,0.25555",125,3,1,1,0,1,0,1,0,0,1,103.0666667,73,0,"Other",0,"Other",0,"Other",34,0,0.7082794308,0,0,1,0,0,0,0,0,0,0,0,0,0,0,0,0,0,0,0,"Normal",0
"180","Joseph House",NA,"59 Dunbar Rd, London, England, N22 5BG, United Kingdom, 866-573-4235","London",NA,NA,NA,NA,NA,1229589248,3.5,"51.60098,-0.102938",NA,NA,0,0,0,0,0,0,0,0,1,140.5582192,201,0,"Other",0,"Other",0,"Other",80,1,1.430012426,1,0,1,0,0,0,0,0,0,0,0,1,0,26,0,0,1,0,0,"Normal",0
"181","Kensington Suite Hotel",2,"128-130 Holland Road, London, England, W14 8BD, United Kingdom, 866-573-4235","West Kensington",3.7,6,"Good",258,2.5,260386,3,"51.501685,-0.212776",41,4,0,0,0,0,0,1,0,0,0,120.7631579,96,0,"Other",0,"Other",0,"Other",86,0,0.7949444323,50,0,32,0,0,0,6,0,0,0,0,0,0,1,0,0,7,0,41,"Normal",0
"182","King Solomon Hotel",NA,"155-159 Golders Green Road, London, England, NW11 9BX, United Kingdom, 866-573-4235","London",NA,5.6,"",244,2,270169,3,"51.575472,-0.203745",90,3,0,1,0,0,0,1,0,0,1,140.5582192,60,0,"Other",0,"Other",0,"Other",94,0,0.4268693809,9,0,1,0,0,0,1,0,0,0,0,1,0,0,0,0,0,0,0,"Normal",0
"183","Leigham Court Hotel",NA,"18 Leigham Court Road, Streatham, London, England, SW16 2PJ, United Kingdom, 866-573-4235","London",NA,8.4,"Very Good",267,4,547650,2.5,"51.435609,-0.124277",55,NA,0,0,0,0,0,1,0,0,0,140.5582192,114,0,"Other",0,"Other",0,"Other",89,0,0.8110518237,4,1,3,0,0,0,1,1,0,0,0,0,0,0,1,0,1,0,0,"Normal",0
"184","Macdonald Berystede Hotel",NA,"Bagshot Road, Sunninghill, Ascot, England, SL5 9JH, United Kingdom, 866-573-4235","Ascot",NA,7.6,"Good",175,3.5,138673,4,"51.394536,-0.661578",120,3,1,1,1,1,1,1,1,1,1,194.6666667,117.5,0,"Other",1,"Macdonald",0,"Other",48,0,0.6035958904,0,0,0,0,0,0,0,0,0,0,0,0,0,0,0,0,0,0,0,"Normal",1
"185","Macdonald Berystede Hotel",NA,"Bagshot Road, Sunninghill, Ascot, England, SL5 9JH, United Kingdom, 866-573-4235","Ascot",NA,7.8,"Good",176,3.5,138673,4,"51.394536,-0.661578",120,3,1,1,1,1,1,1,1,1,1,194.6666667,117.5,0,"Other",1,"Macdonald",0,"Other",49,0,0.6035958904,0,0,0,0,0,0,0,0,0,0,0,0,0,0,0,0,0,0,0,"Normal",1
"186","Marble Apartments Balham Penthouse",NA,"Apartment 9, Wallace Court, 280 Balham High Road, London, ENG, SW17 7AT, United Kingdom, 866-573-4235","London",NA,NA,NA,NA,NA,1024943040,3.5,"51.43811,-0.1571",NA,NA,0,0,0,0,0,0,0,0,1,140.5582192,122,0,"Other",0,"Other",0,"Other",92,0,0.8679677411,13,6,7,0,0,9,2,0,0,0,0,1,0,0,0,0,1,0,0,"Normal",0
"187","Marble Apartments Tooting High Street",NA,"178 Tooting High Street, Wandsworth, London, England, SW17 0SF, United Kingdom, 866-573-4235","London",6.1,NA,NA,NA,NA,1155092192,3.5,"51.42429,-0.17189",NA,NA,0,0,0,0,0,0,0,0,1,140.5582192,111.5,0,"Other",0,"Other",0,"Other",92,0,0.7932655995,9,2,3,0,0,0,3,0,0,0,0,0,0,0,1,0,1,0,0,"Normal",0
"188","Marygreen Manor Hotel",NA,"London Road, Brentwood, England, CM14 4NS, United Kingdom, 866-573-4235","Brentwood",NA,8.6,"Fabulous",233,4.5,216452,4,"51.613105,0.278238",44,2,1,1,1,1,0,1,1,0,1,84.57142857,91,0,"Other",0,"Other",0,"Other",58,1,1.076013514,1,0,0,0,0,0,0,0,0,0,0,0,0,0,0,0,0,0,0,"Normal",0
"189","Mercure St Albans The Noke",NA,"Watford Road, St Albans, England, AL2 3DS, United Kingdom, 866-573-4235","St Albans",NA,7.6,"Good",232,3.5,143167,4,"51.720673,-0.364883",110,NA,1,1,1,1,0,1,1,1,1,125.3043478,72.5,0,"Other",0,"Other",1,"Mercure",32,0,0.5785912561,0,0,1,0,0,0,0,0,0,0,0,0,0,0,0,0,0,0,21,"Normal",1
"190","MyPlace Camden Apartment",NA,"Georgiana Street, Camden, London, England, NW1 0EB, United Kingdom, 866-573-4235","Camden Town",2.3,NA,NA,NA,NA,1128979296,3,"51.539729,-0.137576",NA,NA,0,0,0,0,0,0,0,0,1,152.0384615,142,0,"Other",0,"Other",0,"Other",99,0,0.9339741968,175,34,90,16,0,17,13,0,0,0,0,0,12,1,0,0,2,0,0,"High",0
"191","Myshortstay - Fulham Parsons Green",NA,"flat 26, Sullivan Court, London, England, SW6 3BY, United Kingdom, 866-573-4235","Hammersmith and Fulham",4,NA,NA,NA,NA,1100543712,4,"51.469696,-0.197458",NA,NA,0,0,0,0,0,0,0,0,1,144.65625,132,0,"Other",0,"Other",0,"Other",92,0,0.9125081011,33,2,26,0,0,0,2,0,0,7,5,2,0,0,0,0,0,5,0,"Normal",0
"192","Myshortstay - Maida Vale private terrace",NA,"199a Lanark Road, London, England, W9 1NX, United Kingdom, 866-573-4235","Maida Vale",3,NA,NA,NA,NA,1100536192,4,"51.531213,-0.186628",NA,NA,0,0,0,0,0,0,0,0,1,152.6666667,148,0,"Other",0,"Other",0,"Other",93,0,0.9694323144,32,1,28,0,0,0,8,0,0,2,0,1,0,0,0,0,1,0,0,"Normal",0
"193","New Market House",NA,"17 York Way, Camden, London, England, N7 9QG, United Kingdom, 866-573-4235","Camden Town",2.5,6.2,"Good",251,3,388990,3,"51.543217,-0.125959",33,NA,1,1,0,0,0,1,0,1,0,152.0384615,97.5,0,"Other",0,"Other",0,"Other",89,0,0.6412850999,2,0,2,0,0,0,0,0,0,0,0,0,0,0,0,0,0,0,0,"Normal",0
"194","OYO Epsilon Hotel",NA,"27-A  Romford Road, Newham, London, England, E15 4LL, United Kingdom, 866-573-4235","Stratford",6.2,7.8,"Good",229,4,487156,3,"51.542251,0.00624",38,3,0,1,0,0,0,1,0,0,0,152.72,140.25,0,"Other",0,"Other",0,"Other",95,0,0.9183473023,72,6,47,44,0,0,5,20,107,0,0,3,8,1,1,0,1,0,23,"High",0
"195","OYO Home Clapham 2 Bedroom Superior",NA,"70, Kings Ave, London, England, SW4 8BH, United Kingdom, 866-573-4235","Clapham",3.7,NA,NA,NA,NA,1182716096,4,"51.453336,-0.130065",NA,NA,0,0,0,0,0,0,0,0,1,101.6923077,108.5,0,"Other",0,"Other",0,"Other",83,1,1.066944024,2,0,0,0,0,0,1,0,0,0,0,0,0,0,0,0,0,0,0,"Normal",0
"196","OYO Home Docklands 2 Bedroom Apartment",NA,"Meridian Place, London, England, E14 9FF, United Kingdom, 866-573-4235","Canary Wharf",4.9,8,"Very Good",NA,NA,779152320,3.5,"51.50066,-0.01347",NA,NA,0,0,0,0,0,0,0,0,1,229.3050847,207.5,0,"Other",0,"Other",0,"Other",87,0,0.9049079755,26,3,14,0,0,0,3,1,0,0,0,1,0,0,1,0,2,0,0,"Normal",0
"197","OYO The Bridge House Hotel",NA,"Reigate Hill, Reigate, England, RH2 9RP, United Kingdom, 866-573-4235","Reigate",NA,6,"Good",245,2.5,228426,3,"51.25523,-0.19352",39,NA,1,1,0,1,1,1,1,0,1,72,49.5,0,"Other",0,"Other",0,"Other",22,0,0.6875,0,0,1,0,0,0,0,0,0,0,0,0,0,0,0,0,0,0,1,"Normal",0
"198","Oatlands Park Hotel",NA,"146 Oatlands Drive, Weybridge, England, KT13 9HB, United Kingdom, 866-573-4235","Weybridge",NA,8.2,"Very Good",166,4,232938,4,"51.375,-0.44193",144,3,1,1,1,1,1,1,1,0,1,128,93.5,0,"Other",0,"Other",0,"Other",63,0,0.73046875,0,0,2,0,0,0,0,0,0,0,0,0,0,0,0,0,0,0,0,"Normal",0
"199","Pelican London Hotel and Residence",NA,"203 Blackshaw Road, London, England, SW17 0BZ, United Kingdom, 866-573-4235","London",6,8.4,"Very Good",249,4,682500,3,"51.42598,-0.17826",59,NA,0,0,0,0,1,1,1,0,0,140.5582192,79.25,0,"Other",0,"Other",0,"Other",80,0,0.5638233073,2,1,0,0,0,0,0,0,0,0,0,0,0,0,0,0,0,0,0,"Normal",0
"200","Petersham Hotel",NA,"Nightingale Lane, Richmond, England, TW10 6UZ, United Kingdom, 866-573-4235","Richmond-upon-Thames",8.4,8.8,"Fabulous",222,4,606011,4,"51.45132,-0.299623",58,NA,1,1,0,1,0,1,1,0,1,132.2,184.5,0,"Other",0,"Other",0,"Other",72,1,1.395612708,10,0,6,0,0,0,0,0,0,0,0,0,0,0,0,0,0,0,0,"Normal",0
"201","Pioneer Close",NA,"26 Pioneer Close, London, England, E14 6BF, United Kingdom, 866-573-4235","Tower Hamlets",4.8,NA,NA,NA,NA,1222491392,2.5,"51.517734,-0.01831",NA,NA,0,0,0,0,0,0,0,0,1,124.375,44,0,"Other",0,"Other",0,"Other",85,0,0.3537688442,0,0,10,0,0,0,0,0,0,0,0,0,0,0,0,0,0,0,0,"Normal",0
"202","Plumstead Serviced Apartment",NA,"Plumstead High Street, London, England, SE18 1JL, United Kingdom, 866-573-4235","London",NA,4,"",NA,NA,1192112896,3.5,"51.48631,0.096863",NA,NA,0,0,0,0,0,0,0,0,1,140.5582192,101,0,"Other",0,"Other",0,"Other",81,0,0.7185634578,0,0,0,0,0,0,0,0,0,0,0,0,0,0,1,0,0,0,0,"Normal",0
"203","Queens Hotel",NA,"324 Seven Sisters Road, Finsbury Park, London, England, N4 2AP, United Kingdom, 866-573-4235","London",4.2,7.4,"Good",256,3.5,400343,3,"51.566001,-0.102387",27,5,0,0,0,0,0,1,0,0,0,140.5582192,126.75,0,"Other",0,"Other",0,"Other",90,0,0.9017615671,11,5,66,0,0,0,5,1,0,0,0,7,0,0,0,0,2,0,26,"Normal",0
"204","Ramada by Wyndham Cobham",NA,"Cobham Services, M25 J9/10 Downside, Cobham, England, KT11 3DB, United Kingdom, 866-573-4235","Cobham",NA,8.2,"Very Good",250,4,417056,3,"51.306633,-0.409296",75,2,0,0,0,0,1,1,1,0,1,117.3333333,65.5,1,"Wyndham",1,"Ramada",0,"Other",13,0,0.5582386364,0,0,1,0,0,0,0,0,0,0,0,0,0,0,0,0,0,0,1,"Normal",1
"205","Ramada by Wyndham London Finchley",NA,"3 Leisure Way, High Road, Finchley, London, England, N12 0QZ, United Kingdom, 866-573-4235","London",NA,7.8,"Good",309,3.5,173700,3,"51.60585,-0.174317",88,3,1,1,1,1,0,1,1,0,1,140.5582192,102.6666667,1,"Wyndham",1,"Ramada",0,"Other",85,0,0.7304209406,4,1,0,0,0,0,0,0,0,0,0,0,0,1,0,0,0,0,0,"Normal",1
"206","Ramada by Wyndham South Mimms M25",NA,"Welcome Break Service Area, Potters Bar, England, EN6 3QQ, United Kingdom, 866-573-4235","Potters Bar",NA,7.6,"Good",277,3.5,188332,3.5,"51.687113,-0.221622",75,3,1,1,0,0,0,1,1,0,1,58.66666667,58.66666667,1,"Wyndham",1,"Ramada",0,"Other",41,1,1,0,0,2,0,0,0,0,0,0,0,0,0,0,0,0,0,0,0,0,"Normal",1
"207","Roomzzz London Stratford",NA,"66 West Ham Lane, London, England, E15 4PT, United Kingdom, 866-573-4235","Stratford",6.1,9.6,"Exceptional",302,4.5,847334816,4,"51.53741,0.00588",98,NA,0,0,1,1,1,1,1,0,1,152.72,189.75,0,"Other",0,"Other",0,"Other",89,1,1.24246988,33,0,40,43,0,0,6,0,0,0,0,2,0,0,0,0,1,0,19,"Normal",0
"208","Seraphine Kensington Olympia Hotel",2,"225 Kensington High Street, London, London, England, W8 6SA, United Kingdom, 866-573-4235","Kensington",3,7.4,"Good",294,3.5,356743,4,"51.49932,-0.19738",40,NA,0,0,0,0,1,1,0,0,1,204.2153846,147.5,0,"Other",0,"Other",0,"Other",99,0,0.722276631,65,0,28,0,0,0,17,1,0,0,0,2,0,0,0,0,1,0,25,"Normal",0
"209","Sir Christopher Wren Hotel and Spa",NA,"Thames Street, Windsor, England, SL4 1PX, United Kingdom, 866-573-4235","Windsor",NA,8.4,"Very Good",266,4,151432,4,"51.48538,-0.60785",133,3,1,1,1,1,1,1,1,0,1,184,204,0,"Other",0,"Other",0,"Other",89,1,1.108695652,74,5,36,0,0,0,1,9,0,0,0,0,0,0,1,0,14,0,7,"Normal",0
"210","Sir Christopher Wren Hotel and Spa",NA,"Thames Street, Windsor, England, SL4 1PX, United Kingdom, 866-573-4235","Windsor",NA,8.4,"Very Good",265,4,151432,4,"51.48538,-0.60785",133,3,1,1,1,1,1,1,1,0,1,184,204,0,"Other",0,"Other",0,"Other",89,1,1.108695652,74,5,36,0,0,0,1,9,0,0,0,0,0,0,1,0,14,0,7,"Normal",0
"211","Spring River by Marston's Inns",NA,"Talbot Lane, Gravesend, England, DA10 1AZ, United Kingdom, 866-573-4235","Gravesend",NA,9.2,"Superb",309,4.5,781806336,3,"51.4318,0.31734",104,NA,1,1,0,0,1,1,0,0,1,88.53333333,59.33333333,0,"Other",0,"Other",0,"Other",NA,0,0.6701807229,0,0,0,0,0,0,0,0,0,0,0,0,0,0,0,0,0,0,0,"Normal",0
"212","St Paul Hotel",1,"153 Hammersmith Road, London, England, W14 0QL, United Kingdom, 866-573-4235","Hammersmith",4,9,"Superb",265,4.5,464151,4,"51.493276,-0.218624",35,NA,1,1,0,1,1,1,1,0,0,118.5217391,216.75,0,"Other",0,"Other",0,"Other",97,1,1.82877843,72,3,49,17,0,0,11,0,0,0,1,0,0,0,14,0,3,1,30,"Normal",0
"213","St Paul Hotel",1,"153 Hammersmith Road, London, England, W14 0QL, United Kingdom, 866-573-4235","Hammersmith",4,9,"Superb",264,4.5,464151,4,"51.493276,-0.218624",35,NA,1,1,0,1,1,1,1,0,0,118.5217391,216.75,0,"Other",0,"Other",0,"Other",97,1,1.82877843,72,3,49,17,0,0,11,0,0,0,1,0,0,0,14,0,3,1,30,"Normal",0
"214","Staybridge Suites London - Heathrow Bath Road",NA,"276A Bath Road, West Drayton, England, UB7 0DQ, United Kingdom, 866-573-4235","West Drayton",15,9.8,"Exceptional",108,5,824281440,4,"51.48343,-0.46233",190,6,0,0,1,1,1,1,1,0,1,101.2641509,127.75,0,"Other",0,"Other",0,"Other",40,1,1.261552078,0,0,0,0,0,0,0,0,0,0,0,0,0,0,0,0,0,0,15,"Normal",0
"215","Staybridge Suites London - Stratford City",NA,"10 B Chestnut Plaza Westfield, Stratford City, London, England, E20 1GL, United Kingdom, 866-573-4235","Stratford",5.8,9.2,"Superb",227,4.5,399466,4,"51.542735,-0.005461",162,12,0,1,1,0,1,1,1,0,1,152.72,204,0,"Other",0,"Other",0,"Other",92,1,1.335777894,54,9,50,22,0,0,19,20,0,0,0,16,0,2,0,0,3,0,30,"Normal",0
"216","Staybridge Suites London - Stratford City",NA,"10 B Chestnut Plaza Westfield, Stratford City, London, England, E20 1GL, United Kingdom, 866-573-4235","Stratford",5.8,9.2,"Superb",226,4.5,399466,4,"51.542735,-0.005461",162,12,0,1,1,0,1,1,1,0,1,152.72,204,0,"Other",0,"Other",0,"Other",92,1,1.335777894,54,9,50,22,0,0,19,20,0,0,0,16,0,2,0,0,3,0,30,"Normal",0
"217","Staybridge Suites London - Vauxhall",NA,"100 Vauxhall Walk, London, England, 0000, United Kingdom, 866-573-4235","Vauxhall",1.2,9.4,"Exceptional",283,5,460366,4,"51.491321,-0.119114",93,5,0,0,1,1,0,1,1,0,1,221.5,227.25,0,"Other",0,"Other",0,"Other",96,1,1.025959368,12,7,23,0,0,3,0,1,0,0,0,1,0,0,0,0,0,0,21,"Normal",0
"218","Staycity Aparthotels Deptford Bridge Station",NA,"18-20 Deptford Bridge, London, England, SE8 4HH, United Kingdom, 866-573-4235","London",5,8.4,"Very Good",260,4.5,448740,3,"51.474482,-0.023467",98,7,0,0,1,0,1,1,1,0,1,140.5582192,90.5,0,"Other",0,"Other",0,"Other",97,0,0.6438613162,26,15,28,0,0,0,0,1,0,0,0,0,0,1,18,92,1,0,0,"Normal",0
"219","Staycity Aparthotels Deptford Bridge Station",NA,"18-20 Deptford Bridge, London, England, SE8 4HH, United Kingdom, 866-573-4235","London",5,8.4,"Very Good",261,4.5,448740,3,"51.474482,-0.023467",98,7,0,0,1,0,1,1,1,0,1,140.5582192,90.5,0,"Other",0,"Other",0,"Other",97,0,0.6438613162,26,15,28,0,0,0,0,1,0,0,0,0,0,1,18,92,1,0,0,"Normal",0
"220","Staycity Aparthotels Greenwich High Road",NA,"65 Greenwich High Road, London, England, SE10 8JL, United Kingdom, 866-573-4235","London",5.2,8.4,"Very Good",234,4.5,448739,3,"51.475888,-0.018826",68,3,0,0,0,0,1,1,1,0,1,140.5582192,89.75,0,"Other",0,"Other",0,"Other",96,0,0.6385254489,16,8,31,54,0,0,0,0,0,0,0,0,0,1,10,0,2,0,0,"Normal",0
"221","Staycity Aparthotels Greenwich High Road",NA,"65 Greenwich High Road, London, England, SE10 8JL, United Kingdom, 866-573-4235","London",5.2,8.4,"Very Good",233,4.5,448739,3,"51.475888,-0.018826",68,3,0,0,0,0,1,1,1,0,1,140.5582192,89.75,0,"Other",0,"Other",0,"Other",96,0,0.6385254489,16,8,31,54,0,0,0,0,0,0,0,0,0,1,10,0,2,0,0,"Normal",0
"222","Swiss Cottage Boutique Apartment",NA,"Regency Lodge Adelaide Road, London, England, NW3 5EE, United Kingdom, 866-573-4235","Hampstead",3.1,NA,NA,NA,NA,1129002336,4,"51.54193,-0.174718",NA,NA,0,0,0,0,0,0,0,0,1,126.3225806,NA,0,"Other",0,"Other",0,"Other",94,NA,NA,19,1,4,0,0,0,1,0,21,0,0,0,0,0,0,1,13,0,29,"Normal",0
"223","The Bermondsey Square Hotel",4,"Bermondsey Square, Tower Bridge Road, London, England, SE1 3UN, United Kingdom, 866-573-4235","Bermondsey",2.1,8.6,"Fabulous",281,4,312278,4,"51.497824,-0.08155",90,NA,1,0,0,1,1,1,1,0,0,200.9423077,162.75,0,"Other",0,"Other",0,"Other",98,0,0.809933965,48,15,28,0,0,0,2,0,0,1,2,5,0,1,0,2,0,2,6,"Normal",0
"224","The Bermondsey Square Hotel",4,"Bermondsey Square, Tower Bridge Road, London, England, SE1 3UN, United Kingdom, 866-573-4235","Bermondsey",2.1,8.6,"Fabulous",281,4,312278,4,"51.497824,-0.08155",90,NA,1,0,0,1,1,1,1,0,0,140.25,140.25,0,"Other",0,"Other",0,"Other",98,1,1,48,15,28,0,0,0,2,0,0,1,2,5,0,1,0,2,0,2,6,"Normal",0
"225","The Bull Hotel",NA,"Oxford Road, Gerrards Cross, England, SL9 7PA, United Kingdom, 866-573-4235","Gerrards Cross",NA,8.8,"Fabulous",133,4,267080,4,"51.587,-0.56298",147,2,1,1,1,1,0,1,1,0,1,117.8,122,0,"Other",0,"Other",0,"Other",65,1,1.03565365,0,0,0,0,0,0,0,0,0,0,0,0,0,0,0,0,0,0,1,"Normal",0
"226","The East London Hotel",4,"309-317 Cambridge Heath Road, Bethnal Green, London, England, E2 9LH, United Kingdom, 866-573-4235","Bethnal Green",3.4,8.6,"Fabulous",303,4.5,876918080,3.5,"51.528668,-0.055586",161,8,1,1,1,0,1,1,1,0,0,139.4857143,242,0,"Other",0,"Other",0,"Other",99,1,1.734944695,43,7,32,1,0,0,4,0,0,0,0,1,0,1,27,0,72,0,0,"Normal",0
"227","The East London Hotel",4,"309-317 Cambridge Heath Road, Bethnal Green, London, England, E2 9LH, United Kingdom, 866-573-4235","Bethnal Green",3.4,8.6,"Fabulous",304,4.5,876918080,3.5,"51.528668,-0.055586",161,8,1,1,1,0,1,1,1,0,0,139.4857143,242,0,"Other",0,"Other",0,"Other",99,1,1.734944695,43,7,32,1,0,0,4,0,0,0,0,1,0,1,27,0,72,0,0,"Normal",0
"228","The French Horn Cottage",NA,"5 French Horn Court, Church Street, Ware, England, SG12 9XA, United Kingdom, 866-573-4235","Ware",NA,NA,NA,NA,NA,1175612960,4,"51.8111,-0.030955",NA,NA,0,0,0,0,0,0,0,0,1,99.57142857,88,0,"Other",0,"Other",0,"Other",82,0,0.8837876614,6,0,0,0,0,0,0,0,0,0,0,0,0,0,0,0,1,0,1,"Normal",0
"229","The Harlow Hotel By AccorHotels",NA,"Southern Way, Harlow, England, CM18 7BA, United Kingdom, 866-573-4235","Harlow",NA,6.6,"Good",247,3,237010,3,"51.75583,0.12566",119,2,1,1,1,1,1,1,1,1,1,63.9,69,1,"AccorHotels",0,"Other",0,"Other",51,1,1.079812207,0,0,0,0,0,0,0,0,0,0,0,0,0,0,0,0,0,0,0,"Normal",1
"230","The Hide London",NA,"230 Hendon Way, London, England, NW4 3NE, United Kingdom, 866-573-4235","London",NA,9.2,"Superb",269,4.5,639526,3.5,"51.581,-0.22595",22,NA,0,1,0,0,1,1,0,0,1,140.5582192,106,0,"Other",0,"Other",0,"Other",92,0,0.7541359062,2,0,8,0,0,0,0,0,0,0,0,0,0,0,0,0,1,0,0,"Normal",0
"231","The Inn on the Lake Hotel",NA,"A2 Shorne, Gravesend, England, DA12 3HB, United Kingdom, 866-573-4235","Gravesend",NA,7.8,"Good",280,3.5,587245,3,"51.403571,0.405064",76,NA,1,1,0,1,0,1,0,0,1,88.53333333,68,0,"Other",0,"Other",0,"Other",NA,0,0.7680722892,0,0,0,0,0,0,0,0,0,0,0,0,0,0,0,0,0,0,0,"Normal",0
"232","The LaLit London",2,"181 Tooley Street, London, England, SE1 2JR, United Kingdom, 866-573-4235","Bermondsey",2.1,9.4,"Exceptional",272,4.5,666176,5,"51.50317,-0.07918",70,4,1,1,1,1,1,1,1,0,1,200.9423077,254.25,0,"Other",0,"Other",0,"Other",97,1,1.265288544,98,17,34,0,0,5,0,32,0,1,2,4,0,0,0,1,1,2,54,"Normal",0
"233","The Lensbury",NA,"Broom Road, Teddington, England, TW11 9NU, United Kingdom, 866-573-4235","Richmond-upon-Thames",NA,8.2,"Very Good",127,4,66705632,4,"51.42794,-0.31887",171,NA,1,1,1,1,0,1,1,1,1,132.2,146,0,"Other",0,"Other",0,"Other",77,1,1.104387292,0,0,0,0,0,0,0,0,0,0,0,0,0,0,0,0,0,0,0,"Normal",0
"234","The Lodge Hotel - Putney",1,"52-54 Upper Richmond Road, Putney, London, England, SW15 2RN, United Kingdom, 866-573-4235","Putney",4.8,8.8,"Fabulous",219,4,116628,4,"51.4575,-0.20632",73,3,1,1,1,1,0,1,1,0,1,107.375,118,0,"Other",0,"Other",0,"Other",89,1,1.09895227,11,1,9,0,0,0,1,0,0,0,0,0,0,0,0,0,1,0,0,"Normal",0
"235","The London Pembury Hotel",NA,"326 Seven Sisters Road, London, England, N4 2AP, United Kingdom, 866-573-4235","London",4.2,6.8,"Good",231,3,347126,3,"51.566132,-0.10219",80,3,0,0,0,0,0,1,0,0,1,140.5582192,77.75,0,"Other",0,"Other",0,"Other",90,0,0.5531515727,7,5,66,0,0,0,5,1,0,0,0,7,0,0,0,0,2,0,26,"Normal",0
"236","The Manor Elstree",NA,"Barnet Lane, Borehamwood, England, WD6 3RE, United Kingdom, 866-573-4235","Borehamwood",NA,8.4,"Very Good",196,4.5,172453,4.5,"51.639348,-0.290119",49,3,1,1,1,1,0,1,0,0,1,74.44444444,86.33333333,0,"Other",0,"Other",0,"Other",31,1,1.159701493,0,0,0,0,0,0,0,0,0,0,0,0,0,0,0,0,0,0,0,"Normal",0
"237","The Mitre Hotel Hampton Court",NA,"Hampton Court Road, Hampton Court, Surrey, East Molesey, England, KT8 9BN, United Kingdom, 866-573-4235","Richmond-upon-Thames",NA,8,"Very Good",303,3.5,398856,4,"51.404301,-0.342065",36,4,1,1,0,1,0,1,1,0,1,132.2,85,0,"Other",0,"Other",0,"Other",60,0,0.6429652042,28,0,14,0,0,0,0,0,0,0,0,0,0,0,0,0,1,0,0,"Normal",0
"238","The Stanwell Heathrow",NA,"171 Town Lane, Stanwell, Staines, England, TW19 7PW, United Kingdom, 866-573-4235","Staines",16,8.6,"Fabulous",264,4.5,353022,4,"51.455387,-0.482264",53,3,1,1,1,1,0,1,1,0,1,94.6875,80.5,0,"Other",0,"Other",0,"Other",53,0,0.8501650165,0,0,0,0,0,0,1,0,0,0,0,0,0,0,1,0,0,0,14,"Normal",0
"239","The Talbot Inn",NA,"High Street, Ripley, Woking, England, GU23 6BB, United Kingdom, 866-573-4235","Woking",NA,8.4,"Very Good",282,4,80098240,4,"51.301386,-0.489354",43,NA,1,1,0,0,0,1,0,0,1,118.1666667,92.66666667,0,"Other",0,"Other",0,"Other",51,0,0.784203103,0,0,0,0,0,0,1,0,0,0,0,0,0,0,0,0,0,0,0,"Normal",0
"240","The Thames Hotel",NA,"Ray Mead Road, Maidenhead, England, SL68NR, United Kingdom, 866-573-4235","Maidenhead",NA,7.6,"Good",292,3.5,255131,3,"51.526642,-0.702542",35,3,1,1,0,1,0,1,1,0,1,115.1818182,69,0,"Other",0,"Other",0,"Other",65,0,0.5990528808,10,0,1,0,0,0,1,0,0,0,0,0,0,0,0,0,0,0,3,"Normal",0
"241","The White Hart Hotel",NA,"1 High Street, Hampton Wick, Kingston Upon Thames, England, KT1 4DA, United Kingdom, 866-573-4235","Richmond-upon-Thames",NA,9.2,"Superb",261,4.5,229640,3.5,"51.41163,-0.31108",37,2,1,1,0,0,1,1,1,0,1,132.2,116.5,0,"Other",0,"Other",0,"Other",93,0,0.8812405446,15,2,6,0,0,0,1,1,0,0,0,1,0,0,1,0,1,0,2,"Normal",0
"242","Tower Bridge Apartment",NA,"Flat 7, 2 Queen Elizabeth Street, London, England, SE1 2LL, United Kingdom, 866-573-4235","Wapping",2.6,NA,NA,NA,NA,955480992,3,"51.49691,-0.073671",NA,NA,0,0,0,0,0,0,0,0,1,164.5454545,186.6666667,0,"Other",0,"Other",0,"Other",95,1,1.134438306,8,4,16,0,0,0,1,0,0,1,0,4,0,1,0,2,0,0,1,"Normal",0
"243","Tower Bridge Apartment",NA,"Flat 7, 2 Queen Elizabeth Street, London, England, SE1 2LL, United Kingdom, 866-573-4235","Wapping",2.6,NA,NA,NA,NA,1175190304,NA,"51.51,-0.067392",NA,NA,0,0,0,0,0,0,0,0,1,164.5454545,186.6666667,0,"Other",0,"Other",0,"Other",96,1,1.134438306,82,12,38,0,0,0,0,0,0,0,0,0,0,1,0,0,1,0,0,"Normal",0
"244","Two Bedroom Flat in Deptford",NA,"2 Tanner's Hill, London, England, SE8 4PJ, United Kingdom, 866-573-4235","London",4.9,NA,NA,NA,NA,1192898304,3,"51.474733,-0.026539",NA,NA,0,0,0,0,0,0,0,0,1,140.5582192,109,0,"Other",0,"Other",0,"Other",97,0,0.7754793753,26,15,29,0,0,0,5,1,0,0,0,0,0,1,18,92,3,0,0,"Normal",0
"245","Victorian Stop",NA,"332 Latimer Rd, London, England, W10 6QN, United Kingdom, 866-573-4235","Notting Hill",4.3,NA,NA,NA,NA,1144876288,4,"51.5197,-0.22584",NA,NA,0,0,0,0,0,0,0,0,1,139.2068966,155,0,"Other",0,"Other",0,"Other",82,1,1.113450582,0,0,0,0,0,0,0,0,0,0,0,1,0,0,0,0,0,0,0,"Normal",0
"246","Viking Hotel",NA,"162 Romford Road, London, England, E15 4LD, United Kingdom, 866-573-4235","Stratford",6.6,6.8,"Good",287,3,312482,3,"51.544265,0.014854",102,NA,0,0,0,0,0,1,0,0,1,152.72,64.5,0,"Other",0,"Other",0,"Other",81,0,0.4223415401,17,0,15,37,0,0,1,0,56,0,0,0,0,0,0,0,0,0,0,"Normal",0
"247","Walter Place",NA,"Walter Walk, Edgeware, Edgware, England, HA8 8NB, United Kingdom, 866-573-4235","Edgware",NA,NA,NA,NA,NA,1145005632,4,"51.610971,-0.262478",NA,NA,0,0,0,0,0,0,0,0,1,100,100,0,"Other",0,"Other",0,"Other",72,1,1,0,0,0,0,0,0,0,0,0,0,0,0,0,0,0,0,0,0,0,"Normal",0
"248","Waltham Abbey Marriott Hotel",NA,"Old Shire Lane, Waltham Abbey, England, EN9 3LX, United Kingdom, 866-573-4235","Waltham Abbey",NA,7.8,"Good",265,3.5,183484,4,"51.681603,0.029169",162,2,1,1,0,1,1,1,1,1,1,169.5,169.5,1,"Marriott",0,"Other",0,"Other",29,1,1,0,0,0,0,0,0,0,0,0,0,0,0,0,0,0,0,0,0,8,"Normal",1
"249","West Lodge Park Hotel",NA,"Cockfosters Road, Hadley Wood, Barnet, England, EN4 OPY, United Kingdom, 866-573-4235","Barnet",NA,8.6,"Fabulous",225,4.5,204822,4,"51.66962,-0.15716",59,3,1,1,0,1,0,1,1,0,1,70.66666667,70.66666667,0,"Other",0,"Other",0,"Other",12,1,1,0,0,0,0,0,0,0,0,0,0,0,0,0,0,0,0,0,0,1,"Normal",0
"250","Westow House",NA,"Westow Hill, London, England, SE19 1TX, United Kingdom, 866-573-4235","London",NA,NA,NA,NA,NA,1124355200,3.5,"51.4197,-0.079556",NA,NA,0,0,0,0,0,0,0,0,1,140.5582192,109,0,"Other",0,"Other",0,"Other",95,0,0.7754793753,114,32,100,0,0,0,0,0,0,0,0,0,0,1,0,1,0,0,45,"Normal",0
"251","Yotel Air London Gatwick",NA,"London Gatwick Airport South Terminal, Ground Floor, Arrivals Concourse, Gatwick, England, RH6 0NN, United Kingdom, 866-573-4235","Gatwick",NA,8.4,"Very Good",298,4.5,608031328,3.5,"51.15635,-0.16308",46,NA,0,0,0,0,1,1,0,0,0,116.1875,106,0,"Other",1,"YOTEL",0,"Other",63,0,0.9123184508,8,1,8,0,0,0,0,0,0,0,0,0,0,0,0,0,1,0,3,"Normal",1
"252","Yotel Air London Heathrow (Landside)",NA,"London Heathrow Airport, Arrivals Mezzanine Landslide Terminal 4, Hounslow, England, TW6 3XA, United Kingdom, 866-573-4235","Hounslow",14,8,"Very Good",254,4.5,608031392,3.5,"51.459169,-0.446217",32,1,0,0,0,0,1,1,0,0,0,102.2264151,122.6666667,0,"Other",1,"YOTEL",0,"Other",64,1,1.199950781,0,0,0,0,0,0,0,0,0,0,0,0,0,0,0,0,2,0,14,"Normal",1
"253","ibis London Docklands Canary Wharf",2,"1 Baffin Way off Preston Road, London, England, E14 9PE, United Kingdom, 866-573-4235","Canary Wharf",5.2,8.2,"Very Good",217,4,183500,3,"51.506815,-0.007012",87,4,1,1,0,1,0,1,1,0,1,229.3050847,187.5,0,"Other",0,"Other",0,"Other",90,0,0.8176879296,3,0,3,0,0,0,1,0,0,0,0,0,0,0,0,0,3,0,0,"Normal",0
"254","ibis London Docklands Canary Wharf",2,"1 Baffin Way off Preston Road, London, England, E14 9PE, United Kingdom, 866-573-4235","Canary Wharf",5.2,8.2,"Very Good",218,4,183500,3,"51.506815,-0.007012",87,4,1,1,0,1,0,1,1,0,1,229.3050847,187.5,0,"Other",0,"Other",0,"Other",90,0,0.8176879296,3,0,3,0,0,0,1,0,0,0,0,0,0,0,0,0,3,0,0,"Normal",0
"255","ibis London Greenwich",NA,"30 Stockwell Street, London, England, SE10 9JN, United Kingdom, 866-573-4235","London",5.5,8,"Very Good",399,4,179227,3,"51.479681,-0.008615",120,3,1,1,0,0,0,1,1,0,1,140.5582192,122.75,0,"Other",0,"Other",0,"Other",97,0,0.8733036084,125,1,80,25,0,0,6,1,1,0,2,0,0,0,7,5,2,2,0,"Normal",0
"256","ibis London Greenwich",NA,"30 Stockwell Street, London, England, SE10 9JN, United Kingdom, 866-573-4235","London",5.5,8,"Very Good",403,4,179227,3,"51.479681,-0.008615",120,3,1,1,0,0,0,1,1,0,1,140.5582192,122.75,0,"Other",0,"Other",0,"Other",97,0,0.8733036084,125,1,80,25,0,0,6,1,1,0,2,0,0,0,7,5,2,2,0,"Normal",0
"257","ibis London Stratford",NA,"1a Romford Road, Stratford, London, England, E15 4LJ, United Kingdom, 866-573-4235","Stratford",6.2,8,"Very Good",273,4,175060,2,"51.542113,0.004624",108,3,1,1,0,0,0,1,1,0,0,152.72,106.5,0,"Other",0,"Other",0,"Other",96,0,0.6973546359,73,6,49,58,0,0,5,20,107,0,0,3,8,1,1,0,2,0,36,"High",0
"258","ibis budget London Barking",NA,"Highbridge Road, Essex, Barking, England, IG11 7BA, United Kingdom, 866-573-4235","Barking",NA,7.2,"Good",277,3,434093,3,"51.534839,0.070542",130,3,0,1,0,0,0,1,0,0,1,58.25,47.66666667,0,"Other",0,"Other",0,"Other",75,0,0.8183118741,13,0,12,0,0,0,0,1,0,0,0,0,0,0,0,0,0,0,0,"Normal",0
